#ifndef __BQ27Z561_NFG1000_FW_H__
#define __BQ27Z561_NFG1000_FW_H__

unsigned char nfg1000_Dataflash_updata_CMD[24] = {
	0x00, 0x02, 0x03, 0x04, 0x05, 0x06, 0x07, 0x08, 0x09, 0x0a, 0x0b, 0x0d, 0x10, 0x11, 0x12, 0x13,
	0x14, 0x15, 0x16, 0x17, 0x18, 0x19, 0x1a, 0x1c,
};

unsigned char nfg1000_code_data[28672] = {
	0xff, 0xff, 0x00, 0x00, 0x00, 0x34, 0x00, 0x00, 0x00, 0x8c, 0x01, 0x00, 0x11, 0x83, 0x00, 0x00,
	0x00, 0x00, 0x00, 0x00, 0x00, 0x00, 0x00, 0x00, 0x00, 0x00, 0x00, 0x00, 0x00, 0x00, 0x00, 0x00,
	0xaa, 0x55, 0x00, 0xff, 0xaa, 0x55, 0x00, 0xff, 0x00, 0x00, 0x00, 0x00, 0x00, 0x00, 0x00, 0x00,
	0x00, 0x00, 0x00, 0x00, 0x00, 0x00, 0x00, 0x00, 0x00, 0x00, 0x00, 0x00, 0x00, 0x00, 0x00, 0x00,
	0x00, 0x00, 0x00, 0x00, 0x00, 0x00, 0x00, 0x00, 0x00, 0x00, 0x00, 0x00, 0x00, 0x00, 0x00, 0x00,
	0x00, 0x00, 0x00, 0x00, 0x00, 0x00, 0x00, 0x00, 0x00, 0x00, 0x00, 0x00, 0x00, 0x00, 0x00, 0x00,
	0x00, 0x00, 0x00, 0x00, 0x00, 0x00, 0x00, 0x00, 0x00, 0x00, 0x00, 0x00, 0x00, 0x00, 0x00, 0x00,
	0x00, 0x00, 0x00, 0x00, 0x00, 0x00, 0x00, 0x00, 0x00, 0x00, 0x00, 0x00, 0x00, 0x00, 0x00, 0x00,
	0x00, 0x00, 0x00, 0x00, 0x00, 0x00, 0x00, 0x00, 0x00, 0x00, 0x00, 0x00, 0x00, 0x00, 0x00, 0x00,
	0x00, 0x00, 0x00, 0x00, 0x00, 0x00, 0x00, 0x00, 0x00, 0x00, 0x00, 0x00, 0x00, 0x00, 0x00, 0x00,
	0x00, 0x00, 0x00, 0x00, 0x00, 0x00, 0x00, 0x00, 0x00, 0x00, 0x00, 0x00, 0x00, 0x00, 0x00, 0x00,
	0x00, 0x00, 0x00, 0x00, 0x00, 0x00, 0x00, 0x00, 0x00, 0x00, 0x00, 0x00, 0x00, 0x00, 0x00, 0x00,
	0x00, 0x00, 0x00, 0x00, 0x00, 0x00, 0x00, 0x00, 0x00, 0x00, 0x00, 0x00, 0x00, 0x00, 0x00, 0x00,
	0x00, 0x00, 0x00, 0x00, 0x00, 0x00, 0x00, 0x00, 0x00, 0x00, 0x00, 0x00, 0x00, 0x00, 0x00, 0x00,
	0x00, 0x00, 0x00, 0x00, 0x00, 0x00, 0x00, 0x00, 0x00, 0x00, 0x00, 0x00, 0x00, 0x00, 0x00, 0x00,
	0x00, 0x00, 0x00, 0x00, 0x00, 0x00, 0x00, 0x00, 0x00, 0x00, 0x00, 0x00, 0x00, 0x00, 0x00, 0x00,
	0x00, 0x00, 0x00, 0x00, 0x00, 0x00, 0x00, 0x00, 0x00, 0x00, 0x00, 0x00, 0x00, 0x00, 0x00, 0x00,
	0x00, 0x00, 0x00, 0x00, 0x00, 0x00, 0x00, 0x00, 0x00, 0x00, 0x00, 0x00, 0x00, 0x00, 0x00, 0x00,
	0x00, 0x00, 0x00, 0x00, 0x00, 0x00, 0x00, 0x00, 0x00, 0x00, 0x00, 0x00, 0x00, 0x00, 0x00, 0x00,
	0x00, 0x00, 0x00, 0x00, 0x00, 0x00, 0x00, 0x00, 0x00, 0x00, 0x00, 0x00, 0x00, 0x00, 0x00, 0x00,
	0x00, 0x00, 0x00, 0x00, 0x00, 0x00, 0x00, 0x00, 0x00, 0x00, 0x00, 0x00, 0x00, 0x00, 0x00, 0x00,
	0x00, 0x00, 0x00, 0x00, 0x00, 0x00, 0x00, 0x00, 0x00, 0x00, 0x00, 0x00, 0x00, 0x00, 0x00, 0x00,
	0x00, 0x00, 0x00, 0x00, 0x00, 0x00, 0x00, 0x00, 0x00, 0x00, 0x00, 0x00, 0x00, 0x00, 0x00, 0x00,
	0x00, 0x00, 0x00, 0x00, 0x00, 0x00, 0x00, 0x00, 0x00, 0x00, 0x00, 0x00, 0x00, 0x00, 0x00, 0x00,
	0x00, 0x00, 0x00, 0x00, 0x00, 0x00, 0x00, 0x00, 0x00, 0x00, 0x00, 0x00, 0x00, 0x00, 0x00, 0x00,
	0x00, 0x00, 0x00, 0x00, 0x00, 0x00, 0x00, 0x00, 0x00, 0x00, 0x00, 0x00, 0x00, 0x00, 0x00, 0x00,
	0x00, 0x00, 0x00, 0x00, 0x00, 0x00, 0x00, 0x00, 0x00, 0x00, 0x00, 0x00, 0x00, 0x00, 0x00, 0x00,
	0x00, 0x00, 0x00, 0x00, 0x00, 0x00, 0x00, 0x00, 0x00, 0x00, 0x00, 0x00, 0x00, 0x00, 0x00, 0x00,
	0x00, 0x00, 0x00, 0x00, 0x00, 0x00, 0x00, 0x00, 0x00, 0x00, 0x00, 0x00, 0x00, 0x00, 0x00, 0x00,
	0x00, 0x00, 0x00, 0x00, 0x00, 0x00, 0x00, 0x00, 0x00, 0x00, 0x00, 0x00, 0x00, 0x00, 0x00, 0x00,
	0x00, 0x00, 0x00, 0x00, 0x00, 0x00, 0x00, 0x00, 0x00, 0x00, 0x00, 0x00, 0x00, 0x00, 0x00, 0x00,
	0x00, 0x00, 0x00, 0x00, 0x00, 0x00, 0x00, 0x00, 0x00, 0x00, 0x00, 0x00, 0x00, 0x00, 0x00, 0x00,
	0xf0, 0x1d, 0x00, 0x20, 0x75, 0x41, 0x00, 0x00, 0xdd, 0xf0, 0x00, 0x00, 0x69, 0xd1, 0x00, 0x00,
	0x00, 0x00, 0x00, 0x00, 0x00, 0x00, 0x00, 0x00, 0x00, 0x00, 0x00, 0x00, 0x00, 0x00, 0x00, 0x00,
	0x00, 0x00, 0x00, 0x00, 0x00, 0x00, 0x00, 0x00, 0x00, 0x00, 0x00, 0x00, 0x99, 0x19, 0x01, 0x00,
	0x00, 0x00, 0x00, 0x00, 0x00, 0x00, 0x00, 0x00, 0x3d, 0xf6, 0x00, 0x00, 0xc9, 0x2a, 0x01, 0x00,
	0x29, 0x96, 0x00, 0x00, 0xc5, 0xdb, 0x00, 0x00, 0x95, 0x45, 0x00, 0x00, 0xcd, 0x92, 0x00, 0x00,
	0xa9, 0x88, 0x00, 0x00, 0x7d, 0xd7, 0x00, 0x00, 0xfd, 0x4c, 0x01, 0x00, 0x31, 0xcd, 0x00, 0x00,
	0xed, 0x42, 0x00, 0x00, 0x5d, 0x72, 0x00, 0x00, 0x00, 0x00, 0x00, 0x00, 0x00, 0x00, 0x00, 0x00,
	0x00, 0x00, 0x00, 0x00, 0x00, 0x00, 0x00, 0x00, 0x00, 0x00, 0x00, 0x00, 0x00, 0x00, 0x00, 0x00,
	0x00, 0x00, 0x00, 0x00, 0x00, 0x00, 0x00, 0x00, 0x00, 0x00, 0x00, 0x00, 0x00, 0x00, 0x00, 0x00,
	0x00, 0x00, 0x00, 0x00, 0x00, 0x00, 0x00, 0x00, 0x00, 0x00, 0x00, 0x00, 0x00, 0x00, 0x00, 0x00,
	0x00, 0x00, 0x00, 0x00, 0x00, 0x00, 0x00, 0x00, 0x00, 0x00, 0x00, 0x00, 0x00, 0x00, 0x00, 0x00,
	0x00, 0x00, 0x00, 0x00, 0x00, 0x00, 0x00, 0x00, 0x00, 0x00, 0x00, 0x00, 0x00, 0x00, 0x00, 0x00,
	0x03, 0x48, 0x85, 0x46, 0x00, 0xf0, 0x18, 0xfd, 0x00, 0x48, 0x00, 0x47, 0x4d, 0x73, 0x01, 0x00,
	0xf0, 0x1d, 0x00, 0x20, 0x30, 0xb5, 0x0b, 0x46, 0x01, 0x46, 0x00, 0x20, 0x20, 0x22, 0x01, 0x24,
	0x09, 0xe0, 0x0d, 0x46, 0xd5, 0x40, 0x9d, 0x42, 0x05, 0xd3, 0x1d, 0x46, 0x95, 0x40, 0x49, 0x1b,
	0x25, 0x46, 0x95, 0x40, 0x40, 0x19, 0x15, 0x46, 0x52, 0x1e, 0x00, 0x2d, 0xf1, 0xdc, 0x30, 0xbd,
	0x70, 0xb5, 0x00, 0x24, 0x25, 0x46, 0x00, 0x28, 0x01, 0xda, 0x01, 0x24, 0x40, 0x42, 0x00, 0x29,
	0x01, 0xda, 0x01, 0x25, 0x49, 0x42, 0xff, 0xf7, 0xdd, 0xff, 0xac, 0x42, 0x00, 0xd0, 0x40, 0x42,
	0x00, 0x2c, 0x00, 0xd0, 0x49, 0x42, 0x70, 0xbd, 0xf0, 0xb5, 0x1f, 0xb4, 0x06, 0x46, 0x00, 0x20,
	0x82, 0xb0, 0x05, 0x46, 0x40, 0x24, 0x01, 0x91, 0x00, 0x90, 0x1b, 0xe0, 0x01, 0x99, 0x22, 0x46,
	0x0f, 0x46, 0x30, 0x46, 0x00, 0xf0, 0x93, 0xf8, 0x04, 0x9a, 0x05, 0x9b, 0x80, 0x1a, 0x99, 0x41,
	0x10, 0xd3, 0x10, 0x46, 0x19, 0x46, 0x22, 0x46, 0x00, 0xf0, 0x79, 0xf8, 0x36, 0x1a, 0x8f, 0x41,
	0x01, 0x97, 0x22, 0x46, 0x01, 0x20, 0x00, 0x21, 0x00, 0x9f, 0x00, 0xf0, 0x70, 0xf8, 0x38, 0x18,
	0x4d, 0x41, 0x00, 0x90, 0x20, 0x46, 0x64, 0x1e, 0x00, 0x28, 0xdf, 0xdc, 0x01, 0x9b, 0x00, 0x98,
	0x29, 0x46, 0x32, 0x46, 0x07, 0xb0, 0xf0, 0xbd, 0xf8, 0xb5, 0x00, 0x24, 0x25, 0x46, 0x00, 0x29,
	0x04, 0xda, 0x0e, 0x46, 0x01, 0x24, 0x00, 0x21, 0x40, 0x42, 0xb1, 0x41, 0x00, 0x2b, 0x04, 0xda,
	0x1e, 0x46, 0x00, 0x23, 0x52, 0x42, 0x01, 0x25, 0xb3, 0x41, 0xff, 0xf7, 0xbd, 0xff, 0x8c, 0x46,
	0x17, 0x46, 0x1e, 0x46, 0xac, 0x42, 0x03, 0xd0, 0x00, 0x25, 0x40, 0x42, 0x8d, 0x41, 0xac, 0x46,
	0x00, 0x2c, 0x02, 0xd0, 0x00, 0x26, 0x57, 0x42, 0x9e, 0x41, 0x61, 0x46, 0x3a, 0x46, 0x33, 0x46,
	0x01, 0xb0, 0xf0, 0xbd, 0xf0, 0xb5, 0x1f, 0xb4, 0x86, 0xb0, 0x00, 0x20, 0x00, 0x90, 0x01, 0x90,
	0x02, 0x90, 0x06, 0x98, 0x06, 0x99, 0x80, 0xb2, 0x04, 0x90, 0x07, 0x98, 0x09, 0x0c, 0x02, 0x04,
	0x00, 0x14, 0x11, 0x43, 0x07, 0x90, 0x00, 0x27, 0x08, 0x9d, 0x09, 0x98, 0x06, 0x91, 0x3e, 0x46,
	0x41, 0x7a, 0x02, 0x7a, 0x08, 0x02, 0x10, 0x43, 0x01, 0xd0, 0x0a, 0xf0, 0x2f, 0xfd, 0x20, 0x88,
	0x40, 0x06, 0x0c, 0xd5, 0x02, 0xf0, 0xa8, 0xf8, 0x09, 0xf0, 0xc4, 0xf8, 0x08, 0x48, 0x81, 0x7b,
	0x01, 0x29, 0x05, 0xd0, 0x00, 0x7c, 0x01, 0x28, 0x01, 0xd1, 0x08, 0xf0, 0x41, 0xfb, 0x10, 0xbd,
	0x09, 0xf0, 0xf4, 0xf8, 0x10, 0xbd, 0x00, 0x00, 0x3c, 0x05, 0x00, 0x20, 0xa0, 0xe5, 0x01, 0x00,
	0xe8, 0x08, 0x00, 0x20, 0x10, 0xb5, 0x01, 0x21, 0x88, 0x02, 0x05, 0xf0, 0x0b, 0xf8, 0x00, 0xf0,
	0x3f, 0xf8, 0x00, 0xf0, 0x1b, 0xf8, 0xff, 0x20, 0x80, 0x02, 0x00, 0xf0, 0x33, 0xf8, 0x01, 0x20,
	0x00, 0xf0, 0x24, 0xf8, 0x01, 0x20, 0x00, 0xf0, 0x03, 0xf8, 0x00, 0xf0, 0x17, 0xf8, 0x10, 0xbd,
	0x05, 0x49, 0x01, 0x28, 0x88, 0x68, 0x03, 0xd0, 0x40, 0x08, 0x40, 0x00, 0x88, 0x60, 0x70, 0x47,
	0x01, 0x22, 0x10, 0x43, 0xfa, 0xe7, 0x00, 0x00, 0x00, 0x40, 0x00, 0x40, 0x00, 0x20, 0x02, 0x49,
	0xc0, 0x43, 0xc8, 0x60, 0x70, 0x47, 0x00, 0x00, 0x00, 0x40, 0x00, 0x40, 0x02, 0x49, 0x01, 0x48,
	0x08, 0x60, 0x70, 0x47, 0x78, 0x56, 0x34, 0x12, 0x00, 0x4c, 0x00, 0x40, 0x04, 0x49, 0x04, 0x22,
	0x01, 0x28, 0x88, 0x68, 0x02, 0xd0, 0x90, 0x43, 0x88, 0x60, 0x70, 0x47, 0x10, 0x43, 0xfb, 0xe7,
	0x00, 0x40, 0x00, 0x40, 0x01, 0x49, 0x08, 0x60, 0xff, 0x20, 0x70, 0x47, 0x00, 0x40, 0x00, 0x40,
	0x02, 0x49, 0x01, 0x48, 0x08, 0x60, 0x70, 0x47, 0x51, 0xe5, 0xcc, 0x1a, 0x00, 0x4c, 0x00, 0x40,
	0xf8, 0xb5, 0x01, 0x24, 0x52, 0x1e, 0x01, 0xe0, 0x64, 0x1c, 0x24, 0xb2, 0x65, 0x00, 0x45, 0x5f,
	0x9d, 0x42, 0x01, 0xda, 0x94, 0x42, 0xf7, 0xdb, 0x62, 0x00, 0x54, 0x18, 0x40, 0x3c, 0x3e, 0x25,
	0x8e, 0x5a, 0x65, 0x5f, 0x71, 0x1b, 0x0e, 0xb2, 0x11, 0x18, 0x40, 0x39, 0xcf, 0x8f, 0x80, 0x5a,
	0xd9, 0x1b, 0xc0, 0x1b, 0x02, 0xb2, 0x09, 0xb2, 0x00, 0x2a, 0x06, 0xd0, 0x30, 0x46, 0xf6, 0xf7,
	0xeb, 0xfd, 0xe1, 0x8f, 0x40, 0x18, 0x00, 0xb2, 0xf8, 0xbd, 0x28, 0x46, 0xf8, 0xbd, 0x00, 0x00,
	0x70, 0xb5, 0x16, 0x46, 0x0a, 0x46, 0x00, 0x24, 0x9b, 0x1e, 0x04, 0x99, 0x01, 0xe0, 0x64, 0x1c,
	0x24, 0xb2, 0xa5, 0x00, 0x45, 0x59, 0x8d, 0x42, 0x01, 0xd2, 0x9c, 0x42, 0xf7, 0xdb, 0x33, 0x46,
	0x63, 0x43, 0x9a, 0x18, 0x15, 0xb2, 0xa4, 0x00, 0x02, 0x59, 0x20, 0x18, 0x40, 0x68, 0x8b, 0x1a,
	0x82, 0x1a, 0x04, 0xd0, 0x31, 0x46, 0x18, 0x46, 0xf6, 0xf7, 0xc6, 0xfd, 0x45, 0x19, 0x04, 0x48,
	0x85, 0x42, 0x02, 0xdb, 0x40, 0x0c, 0x85, 0x42, 0x00, 0xdd, 0x05, 0x46, 0x28, 0xb2, 0x70, 0xbd,
	0x00, 0x80, 0xff, 0xff, 0x72, 0xb6, 0x70, 0x47, 0x62, 0xb6, 0x70, 0x47, 0x10, 0xb5, 0x01, 0x21,
	0x02, 0x20, 0x04, 0xf0, 0x67, 0xff, 0x0a, 0x4c, 0x20, 0x46, 0x05, 0xf0, 0x3f, 0xf9, 0x3f, 0x21,
	0x20, 0x46, 0x05, 0xf0, 0x2d, 0xf9, 0xff, 0x21, 0x20, 0x46, 0x05, 0xf0, 0x4b, 0xf9, 0x03, 0x21,
	0x20, 0x46, 0x05, 0xf0, 0x13, 0xf9, 0x01, 0x21, 0x20, 0x46, 0x05, 0xf0, 0xcf, 0xf8, 0x10, 0xbd,
	0x00, 0x08, 0x00, 0x40, 0x70, 0xb5, 0x2d, 0x4e, 0x30, 0x46, 0x05, 0xf0, 0x03, 0xf9, 0x00, 0x28,
	0x52, 0xd0, 0x0a, 0xf0, 0xef, 0xf9, 0x2a, 0x4d, 0xe8, 0x78, 0x29, 0x79, 0x88, 0x42, 0x48, 0xd9,
	0xff, 0xf7, 0xd0, 0xfb, 0x27, 0x48, 0x00, 0x24, 0x04, 0x73, 0x01, 0xf0, 0x28, 0xfd, 0x26, 0x48,
	0x41, 0x69, 0x49, 0x1c, 0x41, 0x61, 0x25, 0x48, 0x01, 0x68, 0x49, 0x1c, 0x01, 0x60, 0x28, 0x78,
	0xfc, 0x08, 0x40, 0x00, 0x16, 0x12, 0x00, 0x02, 0x12, 0x00, 0x40, 0x00, 0x0b, 0x00, 0xb8, 0x0b,
	0x17, 0x00, 0x7a, 0x00, 0x02, 0x00, 0xf4, 0x01, 0x02, 0x00, 0xf4, 0x01, 0x4b, 0x00, 0x00, 0x00,
	0xc4, 0x09, 0xfc, 0x08, 0x4e, 0x11, 0xc8, 0x00, 0x38, 0xff, 0x38, 0xff, 0x01, 0x01, 0x46, 0x14,
	0x1e, 0x00, 0x00, 0x00, 0x00, 0x00, 0x00, 0x00, 0x00, 0x00, 0x00, 0x00, 0x00, 0x00, 0x00, 0x00,
	0x06, 0x01, 0xba, 0x09, 0xc4, 0x09, 0x01, 0x01, 0x02, 0x12, 0x02, 0x12, 0x02, 0x12, 0x02, 0x12,
	0x02, 0x12, 0x02, 0x12, 0x02, 0x12, 0x02, 0x12, 0x02, 0x12, 0x3a, 0x11, 0x3a, 0x11, 0x3a, 0x11,
	0x3a, 0x11, 0x3a, 0x11, 0x3a, 0x11, 0x3a, 0x11, 0x3a, 0x11, 0x3a, 0x11, 0x02, 0x00, 0x01, 0x0f,
	0xc0, 0x5d, 0xc8, 0x00, 0x04, 0x0a, 0xfc, 0xd6, 0x38, 0xff, 0x05, 0x00, 0xbc, 0x02, 0x58, 0x02,
	0x05, 0x02, 0x02, 0x00, 0xbc, 0x02, 0x58, 0x02, 0x88, 0xff, 0x9c, 0xff, 0x24, 0xff, 0x6a, 0xff,
	0x08, 0x07, 0xd0, 0x07, 0x08, 0x07, 0x02, 0x00, 0x30, 0x2a, 0xc4, 0x09, 0xe8, 0x03, 0x05, 0x00,
	0x02, 0x02, 0x20, 0x03, 0x8a, 0x02, 0xa2, 0xfe, 0x38, 0xff, 0x00, 0x00, 0x00, 0x00, 0x00, 0x00,
	0x00, 0x00, 0x00, 0x00, 0x00, 0x00, 0x00, 0x00, 0x00, 0x00, 0x00, 0x00, 0x00, 0x00, 0x00, 0x00,
	0x20, 0x11, 0x00, 0x00, 0x00, 0x40, 0x03, 0x3c, 0x00, 0x0a, 0xd0, 0x07, 0xdc, 0x05, 0x00, 0x00,
	0x00, 0x00, 0x00, 0x00, 0x00, 0x00, 0x5f, 0x5a, 0x55, 0x50, 0x3c, 0x1e, 0x05, 0x00, 0x00, 0x00,
	0x43, 0x67, 0xc8, 0x00, 0x0a, 0x00, 0x05, 0x00, 0x07, 0x00, 0x09, 0x00, 0x32, 0x00, 0x96, 0x00,
	0x32, 0x00, 0x0a, 0x00, 0xc8, 0x00, 0x64, 0x00, 0x05, 0x00, 0x2c, 0x01, 0x50, 0x00, 0x55, 0x00,
	0x5a, 0x00, 0x86, 0x0b, 0xb8, 0x0b, 0xea, 0x0b, 0x03, 0x00, 0x2c, 0x01, 0xf4, 0x01, 0x20, 0x03,
	0x86, 0x0b, 0xb8, 0x0b, 0xea, 0x0b, 0xce, 0xff, 0x32, 0x00, 0x96, 0x00, 0x86, 0x0b, 0xb8, 0x0b,
	0xea, 0x0b, 0x0a, 0x00, 0x14, 0x00, 0xfa, 0x00, 0xea, 0x0b, 0xb2, 0x0c, 0x0c, 0x0d, 0x88, 0x13,
	0x5e, 0x01, 0xc2, 0x01, 0x00, 0x00, 0x22, 0x0b, 0x64, 0x00, 0xc8, 0x00, 0x2c, 0x01, 0xb8, 0x0b,
	0x1c, 0x0c, 0x80, 0x0c, 0xe4, 0x0c, 0x02, 0x00, 0x02, 0x00, 0x64, 0x00, 0x2c, 0x01, 0x20, 0x03,
	0x00, 0x00, 0x00, 0x00, 0x00, 0x00, 0x00, 0x00, 0x14, 0x1e, 0x28, 0x3c, 0x14, 0x1e, 0x28, 0x3c,
	0x00, 0x00, 0x00, 0x00, 0xc8, 0x00, 0x32, 0x00, 0xc8, 0x00, 0x30, 0x2a, 0xf4, 0x01, 0x00, 0x00,
	0x32, 0x00, 0xc8, 0x00, 0x32, 0x00, 0xdc, 0x00, 0x64, 0x00, 0x2c, 0x01, 0xf0, 0x0f, 0x54, 0x10,
	0xd0, 0x07, 0xc8, 0x00, 0x3c, 0x00, 0xb8, 0x0b, 0x10, 0x0e, 0x00, 0x00, 0xf0, 0x0a, 0x10, 0x0e,
	0x00, 0x00, 0x64, 0x00, 0xba, 0xff, 0x46, 0x00, 0x32, 0x00, 0x0a, 0x00, 0x08, 0x07, 0x00, 0x00,
	0x49, 0x02, 0x00, 0x00, 0x07, 0xe7, 0x00, 0x00, 0xc0, 0x3d, 0x20, 0x00, 0xe8, 0x03, 0x34, 0x00,
	0x30, 0x00, 0x50, 0x00, 0x46, 0x00, 0x52, 0x03, 0xc8, 0x00, 0x40, 0x06, 0x78, 0x05, 0x32, 0x00,
	0xc8, 0x00, 0x00, 0x00, 0x1e, 0x00, 0x5f, 0x00, 0x60, 0x03, 0xe0, 0x10, 0xa0, 0x41, 0x80, 0x07,
	0xd0, 0x02, 0xf0, 0x00, 0x48, 0x00, 0x3c, 0x00, 0x05, 0x0f, 0x01, 0x00, 0x00, 0x00, 0x00, 0x00,
	0x00, 0x00, 0x00, 0x00, 0x00, 0x00, 0x00, 0x00, 0x00, 0x00, 0x00, 0x00, 0x00, 0x00, 0x00, 0x00,
	0x00, 0x00, 0x00, 0x00, 0x00, 0x00, 0x00, 0x00, 0x00, 0x00, 0x00, 0x00, 0x00, 0x00, 0x00, 0x43,
	0xfa, 0x00, 0x78, 0x00, 0x64, 0x00, 0x05, 0x00, 0x3c, 0x00, 0xd0, 0x07, 0x32, 0x00, 0x00, 0x00,
	0x0a, 0x00, 0x00, 0x00, 0x00, 0x00, 0x00, 0x00, 0x00, 0x00, 0x00, 0x00, 0x00, 0x00, 0x00, 0x00,
	0x47, 0xee, 0x01, 0x00, 0xfa, 0x00, 0x9a, 0x0e, 0xa4, 0x0e, 0xe5, 0x0e, 0xf0, 0x0e, 0xf4, 0x01,
	0xf0, 0x00, 0x07, 0x00, 0x05, 0x00, 0xf4, 0x01, 0x14, 0x00, 0xac, 0x0d, 0x28, 0x00, 0x02, 0x00,
	0xfa, 0x00, 0x00, 0x00, 0x00, 0x00, 0x00, 0x00, 0x04, 0x00, 0x00, 0x00, 0x00, 0x00, 0xfa, 0x00,
	0xf4, 0x01, 0x70, 0x17, 0xe2, 0x0e, 0x5a, 0x00, 0xfa, 0x00, 0x0a, 0x00, 0x32, 0x00, 0x69, 0x00,
	0xea, 0x0b, 0x28, 0x23, 0xa0, 0x0f, 0x96, 0x00, 0x64, 0x00, 0x96, 0x00, 0x64, 0x00, 0x50, 0x00,
	0x32, 0x00, 0x14, 0x00, 0xb0, 0x04, 0x20, 0x03, 0x58, 0x02, 0x0f, 0x00, 0xdc, 0x05, 0xf4, 0x01,
	0x96, 0x00, 0x00, 0x00, 0x9c, 0xff, 0x00, 0x00, 0x8c, 0x0a, 0x00, 0x00, 0x28, 0x00, 0x00, 0x00,
	0x19, 0x00, 0xf4, 0x01, 0x1e, 0x00, 0x64, 0x00, 0xf4, 0x01, 0xf4, 0x01, 0x20, 0x03, 0x00, 0x00,
	0xb8, 0x0b, 0x1c, 0x0c, 0x00, 0x00, 0x01, 0x00, 0xda, 0x11, 0x76, 0x11, 0x64, 0x00, 0x63, 0x00,
	0xb8, 0x0b, 0x1c, 0x0c, 0x06, 0x00, 0x08, 0x00, 0xda, 0x11, 0x76, 0x11, 0x64, 0x00, 0x63, 0x00,
	0x00, 0x00, 0x58, 0x02, 0x32, 0x00, 0x2c, 0x01, 0xf4, 0x01, 0xc8, 0x00, 0x64, 0x00, 0x0a, 0x00,
	0x78, 0x05, 0x32, 0x00, 0x05, 0x00, 0x0a, 0x00, 0x08, 0x07, 0xe0, 0x15, 0x01, 0x00, 0x70, 0x17,
	0x96, 0x00, 0x00, 0x00, 0x9c, 0xff, 0x1e, 0x00, 0x0f, 0x00, 0x05, 0x00, 0x05, 0x00, 0x05, 0x00,
	0x88, 0x13, 0xc8, 0x00, 0x00, 0x00, 0x00, 0x00, 0x00, 0x00, 0xde, 0x03, 0x00, 0x00, 0x00, 0x00,
	0xc8, 0x00, 0x50, 0x00, 0x1e, 0x00, 0x0a, 0x00, 0x0a, 0x00, 0x64, 0x00, 0x3c, 0x00, 0x50, 0x00,
	0x28, 0x00, 0x0b, 0x00, 0x5b, 0x00, 0x50, 0x00, 0x88, 0x13, 0x5c, 0x01, 0x88, 0x13, 0x5c, 0x01,
	0x14, 0x00, 0x64, 0x00, 0x58, 0x02, 0x26, 0x02, 0x90, 0x01, 0x00, 0x00, 0xce, 0xff, 0x9c, 0xff,
	0x6a, 0xff, 0xe8, 0x03, 0xe8, 0x03, 0xe8, 0x03, 0xe8, 0x03, 0xe8, 0x03, 0x32, 0x00, 0x32, 0x00,
	0x08, 0x07, 0x98, 0x08, 0x0a, 0x90, 0x01, 0x06, 0x00, 0x05, 0x0a, 0x14, 0xe0, 0x10, 0xf0, 0x0a,
	0x0a, 0x00, 0x1e, 0x60, 0x09, 0x0a, 0x0a, 0x1e, 0x0a, 0x00, 0x00, 0x00, 0x88, 0x13, 0x00, 0x00,
	0xda, 0x11, 0x12, 0x11, 0xc4, 0x09, 0x54, 0x0b, 0x3c, 0x37, 0xec, 0xf1, 0x01, 0x0a, 0x00, 0x00,
	0x00, 0x00, 0x00, 0x00, 0x00, 0x00, 0x00, 0x00, 0x00, 0x00, 0x00, 0x00, 0x00, 0x00, 0x00, 0x00,
	0xd0, 0x07, 0x64, 0x00, 0x09, 0x00, 0x05, 0x00, 0x14, 0x00, 0xcc, 0x10, 0x3c, 0x00, 0x3c, 0x00,
	0x00, 0x2f, 0x0d, 0x00, 0x10, 0x0e, 0x01, 0x01, 0x05, 0x0f, 0x05, 0x03, 0x05, 0x0a, 0x03, 0x00,
	0x0f, 0x00, 0x0a, 0x00, 0x64, 0x00, 0xc8, 0x00, 0x50, 0xc3, 0x3c, 0x00, 0x14, 0x00, 0x03, 0x01,
	0xe8, 0x03, 0x0a, 0x00, 0x00, 0x00, 0x00, 0x00, 0x00, 0x00, 0x00, 0x00, 0x00, 0x00, 0x00, 0x00,
	0x01, 0x48, 0xf4, 0x6a, 0xff, 0x32, 0x00, 0x5f, 0x03, 0x03, 0x2c, 0x01, 0x1e, 0x0a, 0x14, 0x58,
	0x02, 0x00, 0x00, 0x70, 0x17, 0x3c, 0x00, 0x48, 0xf4, 0x6a, 0xff, 0x05, 0x03, 0x03, 0x32, 0x00,
	0x00, 0x00, 0x00, 0x00, 0x00, 0x00, 0x00, 0x00, 0x00, 0x00, 0x00, 0x00, 0x00, 0x00, 0x00, 0x00,
	0x00, 0x00, 0x00, 0x00, 0x00, 0x00, 0x00, 0x00, 0x00, 0x00, 0x00, 0x00, 0x00, 0x00, 0x00, 0x81,
	0x9c, 0xff, 0x00, 0x00, 0x32, 0x00, 0x64, 0x00, 0x96, 0x00, 0xc8, 0x00, 0x5e, 0x01, 0x90, 0x01,
	0xe0, 0x01, 0x58, 0x02, 0x0a, 0x00, 0x03, 0x00, 0x32, 0x00, 0x4b, 0x00, 0x01, 0x00, 0x00, 0x00,
	0xda, 0x11, 0xa8, 0x11, 0xa8, 0x11, 0xa8, 0x11, 0xa8, 0x11, 0xa8, 0x11, 0xa8, 0x11, 0x9e, 0x11,
	0x94, 0x11, 0xa8, 0x11, 0x34, 0x08, 0xb8, 0x0b, 0xe2, 0x0e, 0x68, 0x10, 0x00, 0x00, 0x00, 0x00,
	0xc9, 0x01, 0xc9, 0x01, 0x1e, 0x01, 0xc9, 0x01, 0xc9, 0x01, 0x1e, 0x01, 0x78, 0x04, 0x78, 0x04,
	0x1e, 0x01, 0x58, 0x16, 0x58, 0x16, 0x1e, 0x01, 0xd0, 0x1a, 0xd0, 0x1a, 0x1e, 0x01, 0xd0, 0x1a,
	0xd0, 0x1a, 0x1e, 0x01, 0xd0, 0x1a, 0xd0, 0x1a, 0x1e, 0x01, 0xd0, 0x1a, 0xd0, 0x1a, 0x1e, 0x01,
	0x2c, 0x0b, 0x2c, 0x0b, 0x1e, 0x01, 0x5e, 0x01, 0x00, 0x00, 0x00, 0x00, 0x00, 0x00, 0x00, 0x00,
	0x64, 0x00, 0x2c, 0x01, 0x20, 0x03, 0x00, 0x00, 0x00, 0x00, 0x00, 0x00, 0x00, 0x14, 0x1e, 0x1e,
	0x00, 0x00, 0x00, 0x00, 0x00, 0x00, 0x00, 0x00, 0x00, 0x00, 0x00, 0x00, 0x00, 0x00, 0x00, 0x00,
	0x0a, 0x00, 0x0a, 0x00, 0x0a, 0x00, 0x0a, 0x00, 0x1e, 0x00, 0x1e, 0x00, 0x1e, 0x00, 0x1e, 0x00,
	0x32, 0x00, 0x32, 0x00, 0x32, 0x00, 0x32, 0x00, 0x78, 0x00, 0x78, 0x00, 0x78, 0x00, 0x78, 0x00,
	0xcc, 0x10, 0xe0, 0x10, 0x30, 0x11, 0x94, 0x11, 0x09, 0x01, 0xd3, 0x00, 0xaf, 0x00, 0x92, 0x00,
	0x75, 0x00, 0x78, 0x00, 0x78, 0x00, 0x78, 0x00, 0x78, 0x00, 0xcc, 0x10, 0xe0, 0x10, 0x30, 0x11,
	0x94, 0x11, 0x09, 0x01, 0xd3, 0x00, 0xaf, 0x00, 0x92, 0x00, 0x75, 0x00, 0x86, 0x01, 0x23, 0x00,
	0x93, 0x03, 0x28, 0x00, 0x78, 0x04, 0x28, 0x00, 0x7b, 0x06, 0x28, 0x00, 0xb7, 0x08, 0x28, 0x00,
	0x5f, 0x0a, 0x32, 0x00, 0x38, 0x22, 0x38, 0x22, 0x38, 0x22, 0x38, 0x22, 0x0a, 0x00, 0x50, 0x14,
	0x96, 0x00, 0x70, 0x44, 0x70, 0x44, 0x70, 0x44, 0x70, 0x44, 0x28, 0x00, 0x50, 0x14, 0x5e, 0x01,
	0xa8, 0x66, 0xa8, 0x66, 0xa8, 0x66, 0xa8, 0x66, 0x46, 0x00, 0x01, 0x0a, 0x00, 0x00, 0xf4, 0x01,
	0x68, 0x10, 0x2c, 0x01, 0x19, 0x00, 0xb8, 0x0b, 0x00, 0x00, 0x00, 0x00, 0x00, 0x00, 0x00, 0x00,
	0x64, 0x00, 0x64, 0x00, 0x30, 0x11, 0x0c, 0x00, 0x00, 0x00, 0x00, 0x00, 0x00, 0x00, 0x00, 0x00,
	0x00, 0x00, 0x00, 0x00, 0x00, 0x00, 0x00, 0x00, 0x00, 0x00, 0x00, 0x00, 0x00, 0x00, 0x00, 0x00,
	0x02, 0xb3, 0xa8, 0x5e, 0xa4, 0xc1, 0xa6, 0xdb, 0x6f, 0xbd, 0x1f, 0xd5, 0x76, 0x7c, 0x1a, 0x42,
	0x31, 0x4f, 0x37, 0xba, 0x7c, 0x94, 0x60, 0xc9, 0xed, 0x79, 0xa1, 0x2b, 0xb2, 0xb5, 0xd9, 0x9c,
	0x04, 0x10, 0x04, 0x10, 0x64, 0x00, 0x50, 0x00, 0x96, 0x00, 0x78, 0x00, 0x32, 0x00, 0x50, 0x00,
	0x32, 0x00, 0x50, 0x00, 0x0a, 0x00, 0x32, 0x00, 0x0a, 0x00, 0x14, 0x00, 0x0a, 0x00, 0x14, 0x00,
	0x03, 0x0f, 0x00, 0x00, 0xa8, 0xf7, 0x1b, 0x04, 0x40, 0x1f, 0xb8, 0x0b, 0x58, 0x02, 0x64, 0x00,
	0xc8, 0x00, 0x3c, 0x00, 0xc4, 0x09, 0x06, 0x07, 0x20, 0x4e, 0x98, 0x3a, 0x10, 0x27, 0x88, 0x13,
	0xb8, 0x0b, 0xd0, 0x07, 0xe8, 0x03, 0x20, 0x03, 0xf4, 0x01, 0xc8, 0x00, 0x64, 0x00, 0x50, 0x00,
	0x32, 0x00, 0x14, 0x00, 0x0a, 0x00, 0x08, 0x00, 0x05, 0x00, 0x03, 0x00, 0x02, 0x00, 0x01, 0x00,
	0x00, 0x00, 0x00, 0x00, 0x00, 0x00, 0x00, 0x00, 0x00, 0x00, 0x00, 0x00, 0x00, 0x00, 0x00, 0x00,
	0x00, 0x00, 0x00, 0x00, 0x00, 0x00, 0x00, 0x00, 0x00, 0x00, 0x00, 0x00, 0x00, 0x00, 0x00, 0x7d,
	0x03, 0x96, 0x00, 0xc8, 0x00, 0x05, 0x9c, 0xff, 0x38, 0xff, 0x02, 0x38, 0xff, 0x02, 0x40, 0x7e,
	0x05, 0x00, 0x14, 0x00, 0x00, 0x00, 0x01, 0x00, 0x00, 0x01, 0x00, 0x00, 0x01, 0x00, 0x00, 0x01,
	0x32, 0x00, 0xc8, 0x00, 0x01, 0x01, 0x01, 0x01, 0x64, 0x00, 0x64, 0x00, 0x10, 0x0e, 0x00, 0x00,
	0x1c, 0x0c, 0x30, 0x00, 0x64, 0x00, 0x0a, 0x05, 0x0a, 0x14, 0x0a, 0x06, 0x00, 0x00, 0x00, 0x00,
	0xda, 0x11, 0xda, 0x11, 0xda, 0x11, 0xda, 0x11, 0xda, 0x11, 0xda, 0x11, 0xda, 0x11, 0xda, 0x11,
	0x64, 0x00, 0x2c, 0x01, 0xf4, 0x01, 0x20, 0x03, 0x00, 0x14, 0x1e, 0x1e, 0x1e, 0x02, 0x02, 0x02,
	0x02, 0x02, 0x32, 0x00, 0x32, 0x00, 0x32, 0x00, 0x32, 0x00, 0x32, 0x00, 0x0a, 0x00, 0x0a, 0x00,
	0x0a, 0x00, 0x0a, 0x00, 0x0a, 0x00, 0x0a, 0x00, 0xc8, 0x00, 0x64, 0x00, 0x10, 0x0e, 0x19, 0x00,
	0xaa, 0x55, 0x6e, 0x00, 0xbe, 0x0a, 0x14, 0x00, 0xfa, 0x00, 0x5e, 0x01, 0x90, 0x01, 0xc2, 0x01,
	0x58, 0x02, 0xbc, 0x02, 0x20, 0x03, 0x0a, 0x00, 0x0c, 0x00, 0x64, 0x00, 0x1e, 0x00, 0x1e, 0x00,
	0x01, 0x00, 0x00, 0x00, 0x00, 0x00, 0x00, 0x00, 0x00, 0x00, 0x00, 0x00, 0x00, 0x00, 0x08, 0x07,
	0x62, 0x00, 0x0a, 0x00, 0xe0, 0x01, 0x64, 0x00, 0xc8, 0x00, 0x38, 0xff, 0x58, 0x02, 0xd4, 0xfe,
	0x10, 0x0e, 0x1e, 0x00, 0x14, 0x00, 0x05, 0x00, 0xec, 0xff, 0x3c, 0x00, 0x5a, 0x00, 0x5f, 0x00,
	0x58, 0x02, 0xe0, 0x01, 0x58, 0x02, 0x08, 0x07, 0xa0, 0x8c, 0x0a, 0x00, 0xb0, 0xff, 0x05, 0x00,
	0x20, 0x03, 0x50, 0x00, 0x5a, 0x00, 0x0a, 0x00, 0x40, 0x0b, 0xdc, 0x0a, 0x03, 0x00, 0x0a, 0x00,
	0x50, 0x46, 0x02, 0x00, 0x01, 0x00, 0x00, 0x00, 0x00, 0x00, 0x00, 0x00, 0x00, 0x00, 0x00, 0x00,
	0xf4, 0x01, 0x05, 0x00, 0x02, 0x00, 0x64, 0x00, 0x20, 0x1c, 0xf4, 0x01, 0x32, 0x00, 0x00, 0x00,
	0x00, 0x00, 0x00, 0x00, 0x00, 0x00, 0x00, 0x00, 0x00, 0x00, 0x00, 0x00, 0x00, 0x00, 0x00, 0x00,
	0x32, 0x00, 0x4e, 0x0c, 0x0f, 0x00, 0x64, 0x00, 0x9c, 0xff, 0x58, 0x02, 0xf4, 0x01, 0x00, 0x00,
	0x00, 0x00, 0x00, 0x00, 0x00, 0x00, 0x00, 0x00, 0x00, 0x00, 0x00, 0x00, 0x00, 0x00, 0x00, 0x00,
	0x70, 0x17, 0xf4, 0x01, 0x1c, 0x0c, 0xe4, 0x0c, 0xac, 0x0d, 0x5e, 0x01, 0x96, 0x00, 0x64, 0x00,
	0xc8, 0x00, 0xc8, 0x00, 0x14, 0x00, 0x46, 0x00, 0x80, 0x0c, 0xe4, 0x0c, 0x48, 0x0d, 0x00, 0x00,
	0xf4, 0x01, 0x0c, 0xfe, 0xb8, 0x0b, 0x64, 0x00, 0x32, 0x00, 0x40, 0x06, 0x78, 0x00, 0x8c, 0x0a,
	0x8c, 0x0a, 0x64, 0x00, 0x64, 0x00, 0x64, 0x00, 0x90, 0x01, 0xb8, 0x0b, 0x00, 0x00, 0x00, 0x00,
	0x90, 0x01, 0x20, 0x03, 0xb0, 0x04, 0x80, 0x0c, 0xe4, 0x0c, 0x48, 0x0d, 0x10, 0x0e, 0x00, 0x00,
	0x00, 0x00, 0x00, 0x00, 0x00, 0x00, 0x00, 0x00, 0x00, 0x00, 0x00, 0x00, 0x00, 0x00, 0x00, 0x00,
	0xc8, 0x00, 0xfa, 0x00, 0x2c, 0x01, 0x5e, 0x01, 0x90, 0x01, 0xc2, 0x01, 0xdf, 0x01, 0x60, 0x09,
	0x94, 0x11, 0x68, 0x01, 0x14, 0x19, 0x14, 0x1e, 0x9c, 0x32, 0x32, 0x14, 0x00, 0x00, 0x00, 0x00,
	0x10, 0x08, 0x00, 0x00, 0x34, 0xe6, 0x0d, 0x05, 0x40, 0x1f, 0xb8, 0x0b, 0xc8, 0x00, 0x20, 0x4e,
	0xe8, 0x03, 0x3c, 0x00, 0x64, 0x00, 0x14, 0x00, 0x5f, 0x00, 0x05, 0x00, 0x96, 0x00, 0x32, 0x00,
	0x00, 0x00, 0x00, 0x00, 0x00, 0x00, 0x00, 0x00, 0x00, 0x00, 0x00, 0x00, 0x00, 0x00, 0x00, 0x00,
	0x00, 0x00, 0x00, 0x00, 0x00, 0x00, 0x00, 0x00, 0x00, 0x00, 0x00, 0x00, 0x00, 0x00, 0x00, 0xf4,
	0xff, 0xff, 0x00, 0x00, 0x00, 0x34, 0x00, 0x00, 0x00, 0x8c, 0x01, 0x00, 0x11, 0x83, 0x00, 0x00,
	0x00, 0x00, 0x00, 0x00, 0x00, 0x00, 0x00, 0x00, 0x00, 0x00, 0x00, 0x00, 0x00, 0x00, 0x00, 0x00,
	0xaa, 0x55, 0x00, 0xff, 0xaa, 0x55, 0x00, 0xff, 0x00, 0x00, 0x00, 0x00, 0x00, 0x00, 0x00, 0x00,
	0x00, 0x00, 0x00, 0x00, 0x00, 0x00, 0x00, 0x00, 0x00, 0x00, 0x00, 0x00, 0x00, 0x00, 0x00, 0x00,
	0x00, 0x00, 0x00, 0x00, 0x00, 0x00, 0x00, 0x00, 0x00, 0x00, 0x00, 0x00, 0x00, 0x00, 0x00, 0x00,
	0x00, 0x00, 0x00, 0x00, 0x00, 0x00, 0x00, 0x00, 0x00, 0x00, 0x00, 0x00, 0x00, 0x00, 0x00, 0x00,
	0x00, 0x00, 0x00, 0x00, 0x00, 0x00, 0x00, 0x00, 0x00, 0x00, 0x00, 0x00, 0x00, 0x00, 0x00, 0x00,
	0x00, 0x00, 0x00, 0x00, 0x00, 0x00, 0x00, 0x00, 0x00, 0x00, 0x00, 0x00, 0x00, 0x00, 0x00, 0x00,
	0x00, 0x00, 0x00, 0x00, 0x00, 0x00, 0x00, 0x00, 0x00, 0x00, 0x00, 0x00, 0x00, 0x00, 0x00, 0x00,
	0x00, 0x00, 0x00, 0x00, 0x00, 0x00, 0x00, 0x00, 0x00, 0x00, 0x00, 0x00, 0x00, 0x00, 0x00, 0x00,
	0x00, 0x00, 0x00, 0x00, 0x00, 0x00, 0x00, 0x00, 0x00, 0x00, 0x00, 0x00, 0x00, 0x00, 0x00, 0x00,
	0x00, 0x00, 0x00, 0x00, 0x00, 0x00, 0x00, 0x00, 0x00, 0x00, 0x00, 0x00, 0x00, 0x00, 0x00, 0x00,
	0x00, 0x00, 0x00, 0x00, 0x00, 0x00, 0x00, 0x00, 0x00, 0x00, 0x00, 0x00, 0x00, 0x00, 0x00, 0x00,
	0x00, 0x00, 0x00, 0x00, 0x00, 0x00, 0x00, 0x00, 0x00, 0x00, 0x00, 0x00, 0x00, 0x00, 0x00, 0x00,
	0x00, 0x00, 0x00, 0x00, 0x00, 0x00, 0x00, 0x00, 0x00, 0x00, 0x00, 0x00, 0x00, 0x00, 0x00, 0x00,
	0x00, 0x00, 0x00, 0x00, 0x00, 0x00, 0x00, 0x00, 0x00, 0x00, 0x00, 0x00, 0x00, 0x00, 0x00, 0x00,
	0x00, 0x00, 0x00, 0x00, 0x00, 0x00, 0x00, 0x00, 0x00, 0x00, 0x00, 0x00, 0x00, 0x00, 0x00, 0x00,
	0x00, 0x00, 0x00, 0x00, 0x00, 0x00, 0x00, 0x00, 0x00, 0x00, 0x00, 0x00, 0x00, 0x00, 0x00, 0x00,
	0x00, 0x00, 0x00, 0x00, 0x00, 0x00, 0x00, 0x00, 0x00, 0x00, 0x00, 0x00, 0x00, 0x00, 0x00, 0x00,
	0x00, 0x00, 0x00, 0x00, 0x00, 0x00, 0x00, 0x00, 0x00, 0x00, 0x00, 0x00, 0x00, 0x00, 0x00, 0x00,
	0x00, 0x00, 0x00, 0x00, 0x00, 0x00, 0x00, 0x00, 0x00, 0x00, 0x00, 0x00, 0x00, 0x00, 0x00, 0x00,
	0x00, 0x00, 0x00, 0x00, 0x00, 0x00, 0x00, 0x00, 0x00, 0x00, 0x00, 0x00, 0x00, 0x00, 0x00, 0x00,
	0x00, 0x00, 0x00, 0x00, 0x00, 0x00, 0x00, 0x00, 0x00, 0x00, 0x00, 0x00, 0x00, 0x00, 0x00, 0x00,
	0x00, 0x00, 0x00, 0x00, 0x00, 0x00, 0x00, 0x00, 0x00, 0x00, 0x00, 0x00, 0x00, 0x00, 0x00, 0x00,
	0x00, 0x00, 0x00, 0x00, 0x00, 0x00, 0x00, 0x00, 0x00, 0x00, 0x00, 0x00, 0x00, 0x00, 0x00, 0x00,
	0x00, 0x00, 0x00, 0x00, 0x00, 0x00, 0x00, 0x00, 0x00, 0x00, 0x00, 0x00, 0x00, 0x00, 0x00, 0x00,
	0x00, 0x00, 0x00, 0x00, 0x00, 0x00, 0x00, 0x00, 0x00, 0x00, 0x00, 0x00, 0x00, 0x00, 0x00, 0x00,
	0x00, 0x00, 0x00, 0x00, 0x00, 0x00, 0x00, 0x00, 0x00, 0x00, 0x00, 0x00, 0x00, 0x00, 0x00, 0x00,
	0x00, 0x00, 0x00, 0x00, 0x00, 0x00, 0x00, 0x00, 0x00, 0x00, 0x00, 0x00, 0x00, 0x00, 0x00, 0x00,
	0x00, 0x00, 0x00, 0x00, 0x00, 0x00, 0x00, 0x00, 0x00, 0x00, 0x00, 0x00, 0x00, 0x00, 0x00, 0x00,
	0x00, 0x00, 0x00, 0x00, 0x00, 0x00, 0x00, 0x00, 0x00, 0x00, 0x00, 0x00, 0x00, 0x00, 0x00, 0x00,
	0x00, 0x00, 0x00, 0x00, 0x00, 0x00, 0x00, 0x00, 0x00, 0x00, 0x00, 0x00, 0x00, 0x00, 0x00, 0x00,
	0xf0, 0x1d, 0x00, 0x20, 0x75, 0x41, 0x00, 0x00, 0xdd, 0xf0, 0x00, 0x00, 0x69, 0xd1, 0x00, 0x00,
	0x00, 0x00, 0x00, 0x00, 0x00, 0x00, 0x00, 0x00, 0x00, 0x00, 0x00, 0x00, 0x00, 0x00, 0x00, 0x00,
	0x00, 0x00, 0x00, 0x00, 0x00, 0x00, 0x00, 0x00, 0x00, 0x00, 0x00, 0x00, 0x99, 0x19, 0x01, 0x00,
	0x00, 0x00, 0x00, 0x00, 0x00, 0x00, 0x00, 0x00, 0x3d, 0xf6, 0x00, 0x00, 0xc9, 0x2a, 0x01, 0x00,
	0x29, 0x96, 0x00, 0x00, 0xc5, 0xdb, 0x00, 0x00, 0x95, 0x45, 0x00, 0x00, 0xcd, 0x92, 0x00, 0x00,
	0xa9, 0x88, 0x00, 0x00, 0x7d, 0xd7, 0x00, 0x00, 0xfd, 0x4c, 0x01, 0x00, 0x31, 0xcd, 0x00, 0x00,
	0xed, 0x42, 0x00, 0x00, 0x5d, 0x72, 0x00, 0x00, 0x00, 0x00, 0x00, 0x00, 0x00, 0x00, 0x00, 0x00,
	0x00, 0x00, 0x00, 0x00, 0x00, 0x00, 0x00, 0x00, 0x00, 0x00, 0x00, 0x00, 0x00, 0x00, 0x00, 0x00,
	0x00, 0x00, 0x00, 0x00, 0x00, 0x00, 0x00, 0x00, 0x00, 0x00, 0x00, 0x00, 0x00, 0x00, 0x00, 0x00,
	0x00, 0x00, 0x00, 0x00, 0x00, 0x00, 0x00, 0x00, 0x00, 0x00, 0x00, 0x00, 0x00, 0x00, 0x00, 0x00,
	0x00, 0x00, 0x00, 0x00, 0x00, 0x00, 0x00, 0x00, 0x00, 0x00, 0x00, 0x00, 0x00, 0x00, 0x00, 0x00,
	0x00, 0x00, 0x00, 0x00, 0x00, 0x00, 0x00, 0x00, 0x00, 0x00, 0x00, 0x00, 0x00, 0x00, 0x00, 0x00,
	0x03, 0x48, 0x85, 0x46, 0x00, 0xf0, 0x18, 0xfd, 0x00, 0x48, 0x00, 0x47, 0x4d, 0x73, 0x01, 0x00,
	0xf0, 0x1d, 0x00, 0x20, 0x30, 0xb5, 0x0b, 0x46, 0x01, 0x46, 0x00, 0x20, 0x20, 0x22, 0x01, 0x24,
	0x09, 0xe0, 0x0d, 0x46, 0xd5, 0x40, 0x9d, 0x42, 0x05, 0xd3, 0x1d, 0x46, 0x95, 0x40, 0x49, 0x1b,
	0x25, 0x46, 0x95, 0x40, 0x40, 0x19, 0x15, 0x46, 0x52, 0x1e, 0x00, 0x2d, 0xf1, 0xdc, 0x30, 0xbd,
	0x70, 0xb5, 0x00, 0x24, 0x25, 0x46, 0x00, 0x28, 0x01, 0xda, 0x01, 0x24, 0x40, 0x42, 0x00, 0x29,
	0x01, 0xda, 0x01, 0x25, 0x49, 0x42, 0xff, 0xf7, 0xdd, 0xff, 0xac, 0x42, 0x00, 0xd0, 0x40, 0x42,
	0x00, 0x2c, 0x00, 0xd0, 0x49, 0x42, 0x70, 0xbd, 0xf0, 0xb5, 0x1f, 0xb4, 0x06, 0x46, 0x00, 0x20,
	0x82, 0xb0, 0x05, 0x46, 0x40, 0x24, 0x01, 0x91, 0x00, 0x90, 0x1b, 0xe0, 0x01, 0x99, 0x22, 0x46,
	0x0f, 0x46, 0x30, 0x46, 0x00, 0xf0, 0x93, 0xf8, 0x04, 0x9a, 0x05, 0x9b, 0x80, 0x1a, 0x99, 0x41,
	0x10, 0xd3, 0x10, 0x46, 0x19, 0x46, 0x22, 0x46, 0x00, 0xf0, 0x79, 0xf8, 0x36, 0x1a, 0x8f, 0x41,
	0x01, 0x97, 0x22, 0x46, 0x01, 0x20, 0x00, 0x21, 0x00, 0x9f, 0x00, 0xf0, 0x70, 0xf8, 0x38, 0x18,
	0x4d, 0x41, 0x00, 0x90, 0x20, 0x46, 0x64, 0x1e, 0x00, 0x28, 0xdf, 0xdc, 0x01, 0x9b, 0x00, 0x98,
	0x29, 0x46, 0x32, 0x46, 0x07, 0xb0, 0xf0, 0xbd, 0xf8, 0xb5, 0x00, 0x24, 0x25, 0x46, 0x00, 0x29,
	0x04, 0xda, 0x0e, 0x46, 0x01, 0x24, 0x00, 0x21, 0x40, 0x42, 0xb1, 0x41, 0x00, 0x2b, 0x04, 0xda,
	0x1e, 0x46, 0x00, 0x23, 0x52, 0x42, 0x01, 0x25, 0xb3, 0x41, 0xff, 0xf7, 0xbd, 0xff, 0x8c, 0x46,
	0x17, 0x46, 0x1e, 0x46, 0xac, 0x42, 0x03, 0xd0, 0x00, 0x25, 0x40, 0x42, 0x8d, 0x41, 0xac, 0x46,
	0x00, 0x2c, 0x02, 0xd0, 0x00, 0x26, 0x57, 0x42, 0x9e, 0x41, 0x61, 0x46, 0x3a, 0x46, 0x33, 0x46,
	0x01, 0xb0, 0xf0, 0xbd, 0xf0, 0xb5, 0x1f, 0xb4, 0x86, 0xb0, 0x00, 0x20, 0x00, 0x90, 0x01, 0x90,
	0x02, 0x90, 0x06, 0x98, 0x06, 0x99, 0x80, 0xb2, 0x04, 0x90, 0x07, 0x98, 0x09, 0x0c, 0x02, 0x04,
	0x00, 0x14, 0x11, 0x43, 0x07, 0x90, 0x00, 0x27, 0x08, 0x9d, 0x09, 0x98, 0x06, 0x91, 0x3e, 0x46,
	0x41, 0x7a, 0x02, 0x7a, 0x08, 0x02, 0x10, 0x43, 0x01, 0xd0, 0x0a, 0xf0, 0x2f, 0xfd, 0x20, 0x88,
	0x40, 0x06, 0x0c, 0xd5, 0x02, 0xf0, 0xa8, 0xf8, 0x09, 0xf0, 0xc4, 0xf8, 0x08, 0x48, 0x81, 0x7b,
	0x01, 0x29, 0x05, 0xd0, 0x00, 0x7c, 0x01, 0x28, 0x01, 0xd1, 0x08, 0xf0, 0x41, 0xfb, 0x10, 0xbd,
	0x09, 0xf0, 0xf4, 0xf8, 0x10, 0xbd, 0x00, 0x00, 0x3c, 0x05, 0x00, 0x20, 0xa0, 0xe5, 0x01, 0x00,
	0xe8, 0x08, 0x00, 0x20, 0x10, 0xb5, 0x01, 0x21, 0x88, 0x02, 0x05, 0xf0, 0x0b, 0xf8, 0x00, 0xf0,
	0x3f, 0xf8, 0x00, 0xf0, 0x1b, 0xf8, 0xff, 0x20, 0x80, 0x02, 0x00, 0xf0, 0x33, 0xf8, 0x01, 0x20,
	0x00, 0xf0, 0x24, 0xf8, 0x01, 0x20, 0x00, 0xf0, 0x03, 0xf8, 0x00, 0xf0, 0x17, 0xf8, 0x10, 0xbd,
	0x05, 0x49, 0x01, 0x28, 0x88, 0x68, 0x03, 0xd0, 0x40, 0x08, 0x40, 0x00, 0x88, 0x60, 0x70, 0x47,
	0x01, 0x22, 0x10, 0x43, 0xfa, 0xe7, 0x00, 0x00, 0x00, 0x40, 0x00, 0x40, 0x00, 0x20, 0x02, 0x49,
	0xc0, 0x43, 0xc8, 0x60, 0x70, 0x47, 0x00, 0x00, 0x00, 0x40, 0x00, 0x40, 0x02, 0x49, 0x01, 0x48,
	0x08, 0x60, 0x70, 0x47, 0x78, 0x56, 0x34, 0x12, 0x00, 0x4c, 0x00, 0x40, 0x04, 0x49, 0x04, 0x22,
	0x01, 0x28, 0x88, 0x68, 0x02, 0xd0, 0x90, 0x43, 0x88, 0x60, 0x70, 0x47, 0x10, 0x43, 0xfb, 0xe7,
	0x00, 0x40, 0x00, 0x40, 0x01, 0x49, 0x08, 0x60, 0xff, 0x20, 0x70, 0x47, 0x00, 0x40, 0x00, 0x40,
	0x02, 0x49, 0x01, 0x48, 0x08, 0x60, 0x70, 0x47, 0x51, 0xe5, 0xcc, 0x1a, 0x00, 0x4c, 0x00, 0x40,
	0xf8, 0xb5, 0x01, 0x24, 0x52, 0x1e, 0x01, 0xe0, 0x64, 0x1c, 0x24, 0xb2, 0x65, 0x00, 0x45, 0x5f,
	0x9d, 0x42, 0x01, 0xda, 0x94, 0x42, 0xf7, 0xdb, 0x62, 0x00, 0x54, 0x18, 0x40, 0x3c, 0x3e, 0x25,
	0x8e, 0x5a, 0x65, 0x5f, 0x71, 0x1b, 0x0e, 0xb2, 0x11, 0x18, 0x40, 0x39, 0xcf, 0x8f, 0x80, 0x5a,
	0xd9, 0x1b, 0xc0, 0x1b, 0x02, 0xb2, 0x09, 0xb2, 0x00, 0x2a, 0x06, 0xd0, 0x30, 0x46, 0xf6, 0xf7,
	0xeb, 0xfd, 0xe1, 0x8f, 0x40, 0x18, 0x00, 0xb2, 0xf8, 0xbd, 0x28, 0x46, 0xf8, 0xbd, 0x00, 0x00,
	0x70, 0xb5, 0x16, 0x46, 0x0a, 0x46, 0x00, 0x24, 0x9b, 0x1e, 0x04, 0x99, 0x01, 0xe0, 0x64, 0x1c,
	0x24, 0xb2, 0xa5, 0x00, 0x45, 0x59, 0x8d, 0x42, 0x01, 0xd2, 0x9c, 0x42, 0xf7, 0xdb, 0x33, 0x46,
	0x63, 0x43, 0x9a, 0x18, 0x15, 0xb2, 0xa4, 0x00, 0x02, 0x59, 0x20, 0x18, 0x40, 0x68, 0x8b, 0x1a,
	0x82, 0x1a, 0x04, 0xd0, 0x31, 0x46, 0x18, 0x46, 0xf6, 0xf7, 0xc6, 0xfd, 0x45, 0x19, 0x04, 0x48,
	0x85, 0x42, 0x02, 0xdb, 0x40, 0x0c, 0x85, 0x42, 0x00, 0xdd, 0x05, 0x46, 0x28, 0xb2, 0x70, 0xbd,
	0x00, 0x80, 0xff, 0xff, 0x72, 0xb6, 0x70, 0x47, 0x62, 0xb6, 0x70, 0x47, 0x10, 0xb5, 0x01, 0x21,
	0x02, 0x20, 0x04, 0xf0, 0x67, 0xff, 0x0a, 0x4c, 0x20, 0x46, 0x05, 0xf0, 0x3f, 0xf9, 0x3f, 0x21,
	0x20, 0x46, 0x05, 0xf0, 0x2d, 0xf9, 0xff, 0x21, 0x20, 0x46, 0x05, 0xf0, 0x4b, 0xf9, 0x03, 0x21,
	0x20, 0x46, 0x05, 0xf0, 0x13, 0xf9, 0x01, 0x21, 0x20, 0x46, 0x05, 0xf0, 0xcf, 0xf8, 0x10, 0xbd,
	0x00, 0x08, 0x00, 0x40, 0x70, 0xb5, 0x2d, 0x4e, 0x30, 0x46, 0x05, 0xf0, 0x03, 0xf9, 0x00, 0x28,
	0x52, 0xd0, 0x0a, 0xf0, 0xef, 0xf9, 0x2a, 0x4d, 0xe8, 0x78, 0x29, 0x79, 0x88, 0x42, 0x48, 0xd9,
	0xff, 0xf7, 0xd0, 0xfb, 0x27, 0x48, 0x00, 0x24, 0x04, 0x73, 0x01, 0xf0, 0x28, 0xfd, 0x26, 0x48,
	0x41, 0x69, 0x49, 0x1c, 0x41, 0x61, 0x25, 0x48, 0x01, 0x68, 0x49, 0x1c, 0x01, 0x60, 0x28, 0x78,
	0xfc, 0x08, 0x40, 0x00, 0x16, 0x12, 0x00, 0x02, 0x12, 0x00, 0x40, 0x00, 0x0b, 0x00, 0xb8, 0x0b,
	0x17, 0x00, 0x7a, 0x00, 0x02, 0x00, 0xf4, 0x01, 0x02, 0x00, 0xf4, 0x01, 0x4b, 0x00, 0x00, 0x00,
	0xc4, 0x09, 0xfc, 0x08, 0x4e, 0x11, 0xc8, 0x00, 0x38, 0xff, 0x38, 0xff, 0x01, 0x01, 0x46, 0x14,
	0x1e, 0x00, 0x00, 0x00, 0x00, 0x00, 0x00, 0x00, 0x00, 0x00, 0x00, 0x00, 0x00, 0x00, 0x00, 0x00,
	0x06, 0x01, 0xba, 0x09, 0xc4, 0x09, 0x01, 0x01, 0x02, 0x12, 0x02, 0x12, 0x02, 0x12, 0x02, 0x12,
	0x02, 0x12, 0x02, 0x12, 0x02, 0x12, 0x02, 0x12, 0x02, 0x12, 0x3a, 0x11, 0x3a, 0x11, 0x3a, 0x11,
	0x3a, 0x11, 0x3a, 0x11, 0x3a, 0x11, 0x3a, 0x11, 0x3a, 0x11, 0x3a, 0x11, 0x02, 0x00, 0x01, 0x0f,
	0xc0, 0x5d, 0xc8, 0x00, 0x04, 0x0a, 0xfc, 0xd6, 0x38, 0xff, 0x05, 0x00, 0xbc, 0x02, 0x58, 0x02,
	0x05, 0x02, 0x02, 0x00, 0xbc, 0x02, 0x58, 0x02, 0x88, 0xff, 0x9c, 0xff, 0x24, 0xff, 0x6a, 0xff,
	0x08, 0x07, 0xd0, 0x07, 0x08, 0x07, 0x02, 0x00, 0x30, 0x2a, 0xc4, 0x09, 0xe8, 0x03, 0x05, 0x00,
	0x02, 0x02, 0x20, 0x03, 0x8a, 0x02, 0xa2, 0xfe, 0x38, 0xff, 0x00, 0x00, 0x00, 0x00, 0x00, 0x00,
	0x00, 0x00, 0x00, 0x00, 0x00, 0x00, 0x00, 0x00, 0x00, 0x00, 0x00, 0x00, 0x00, 0x00, 0x00, 0x00,
	0x20, 0x11, 0x00, 0x00, 0x00, 0x40, 0x03, 0x3c, 0x00, 0x0a, 0xd0, 0x07, 0xdc, 0x05, 0x00, 0x00,
	0x00, 0x00, 0x00, 0x00, 0x00, 0x00, 0x5f, 0x5a, 0x55, 0x50, 0x3c, 0x1e, 0x05, 0x00, 0x00, 0x00,
	0x43, 0x67, 0xc8, 0x00, 0x0a, 0x00, 0x05, 0x00, 0x07, 0x00, 0x09, 0x00, 0x32, 0x00, 0x96, 0x00,
	0x32, 0x00, 0x0a, 0x00, 0xc8, 0x00, 0x64, 0x00, 0x05, 0x00, 0x2c, 0x01, 0x50, 0x00, 0x55, 0x00,
	0x5a, 0x00, 0x86, 0x0b, 0xb8, 0x0b, 0xea, 0x0b, 0x03, 0x00, 0x2c, 0x01, 0xf4, 0x01, 0x20, 0x03,
	0x86, 0x0b, 0xb8, 0x0b, 0xea, 0x0b, 0xce, 0xff, 0x32, 0x00, 0x96, 0x00, 0x86, 0x0b, 0xb8, 0x0b,
	0xea, 0x0b, 0x0a, 0x00, 0x14, 0x00, 0xfa, 0x00, 0xea, 0x0b, 0xb2, 0x0c, 0x0c, 0x0d, 0x88, 0x13,
	0x5e, 0x01, 0xc2, 0x01, 0x00, 0x00, 0x22, 0x0b, 0x64, 0x00, 0xc8, 0x00, 0x2c, 0x01, 0xb8, 0x0b,
	0x1c, 0x0c, 0x80, 0x0c, 0xe4, 0x0c, 0x02, 0x00, 0x02, 0x00, 0x64, 0x00, 0x2c, 0x01, 0x20, 0x03,
	0x00, 0x00, 0x00, 0x00, 0x00, 0x00, 0x00, 0x00, 0x14, 0x1e, 0x28, 0x3c, 0x14, 0x1e, 0x28, 0x3c,
	0x00, 0x00, 0x00, 0x00, 0xc8, 0x00, 0x32, 0x00, 0xc8, 0x00, 0x30, 0x2a, 0xf4, 0x01, 0x00, 0x00,
	0x32, 0x00, 0xc8, 0x00, 0x32, 0x00, 0xdc, 0x00, 0x64, 0x00, 0x2c, 0x01, 0xf0, 0x0f, 0x54, 0x10,
	0xd0, 0x07, 0xc8, 0x00, 0x3c, 0x00, 0xb8, 0x0b, 0x10, 0x0e, 0x00, 0x00, 0xf0, 0x0a, 0x10, 0x0e,
	0x00, 0x00, 0x64, 0x00, 0xba, 0xff, 0x46, 0x00, 0x32, 0x00, 0x0a, 0x00, 0x08, 0x07, 0x00, 0x00,
	0x52, 0x02, 0x00, 0x00, 0x84, 0xf3, 0x00, 0x00, 0x82, 0x60, 0x21, 0x00, 0x4c, 0x04, 0x34, 0x00,
	0x30, 0x00, 0x50, 0x00, 0x46, 0x00, 0xc2, 0x01, 0xc8, 0x00, 0x40, 0x06, 0x78, 0x05, 0x32, 0x00,
	0xc8, 0x00, 0x00, 0x00, 0x1e, 0x00, 0x5f, 0x00, 0x60, 0x03, 0xe0, 0x10, 0x50, 0x46, 0x60, 0x09,
	0xc0, 0x03, 0x68, 0x01, 0x48, 0x00, 0x3c, 0x00, 0x05, 0x0f, 0x00, 0x00, 0x00, 0x00, 0x00, 0x00,
	0x00, 0x00, 0x00, 0x00, 0x00, 0x00, 0x00, 0x00, 0x00, 0x00, 0x00, 0x00, 0x00, 0x00, 0x00, 0x00,
	0x00, 0x00, 0x00, 0x00, 0x00, 0x00, 0x00, 0x00, 0x00, 0x00, 0x00, 0x00, 0x00, 0x00, 0x00, 0x92,
	0xfa, 0x00, 0x78, 0x00, 0x64, 0x00, 0x05, 0x00, 0x3c, 0x00, 0xd0, 0x07, 0x32, 0x00, 0x00, 0x00,
	0x0a, 0x00, 0x00, 0x00, 0x00, 0x00, 0x00, 0x00, 0x00, 0x00, 0x00, 0x00, 0x00, 0x00, 0x00, 0x00,
	0x47, 0xee, 0x01, 0x00, 0xfa, 0x00, 0x9a, 0x0e, 0xa4, 0x0e, 0xe5, 0x0e, 0xf0, 0x0e, 0xf4, 0x01,
	0xf0, 0x00, 0x07, 0x00, 0x05, 0x00, 0xf4, 0x01, 0x14, 0x00, 0xac, 0x0d, 0x28, 0x00, 0x02, 0x00,
	0xfa, 0x00, 0x00, 0x00, 0x00, 0x00, 0x00, 0x00, 0x04, 0x00, 0x00, 0x00, 0x00, 0x00, 0xfa, 0x00,
	0xf4, 0x01, 0x22, 0x15, 0x6a, 0x0e, 0x5a, 0x00, 0xfa, 0x00, 0x0a, 0x00, 0x32, 0x00, 0x75, 0x00,
	0xea, 0x0b, 0x28, 0x23, 0xa0, 0x0f, 0x96, 0x00, 0x64, 0x00, 0x96, 0x00, 0x64, 0x00, 0x50, 0x00,
	0x32, 0x00, 0x14, 0x00, 0xb0, 0x04, 0x20, 0x03, 0x58, 0x02, 0x0f, 0x00, 0xdc, 0x05, 0xf4, 0x01,
	0x96, 0x00, 0x00, 0x00, 0x9c, 0xff, 0x00, 0x00, 0x8c, 0x0a, 0x00, 0x00, 0x28, 0x00, 0x00, 0x00,
	0x19, 0x00, 0xf4, 0x01, 0x1e, 0x00, 0x64, 0x00, 0xf4, 0x01, 0xf4, 0x01, 0x20, 0x03, 0x00, 0x00,
	0xb8, 0x0b, 0x1c, 0x0c, 0x00, 0x00, 0x01, 0x00, 0x76, 0x11, 0x12, 0x11, 0x64, 0x00, 0x63, 0x00,
	0xb8, 0x0b, 0x1c, 0x0c, 0x06, 0x00, 0x08, 0x00, 0x76, 0x11, 0x12, 0x11, 0x64, 0x00, 0x63, 0x00,
	0x00, 0x00, 0x58, 0x02, 0x32, 0x00, 0x2c, 0x01, 0xf4, 0x01, 0xc8, 0x00, 0x64, 0x00, 0x0a, 0x00,
	0x78, 0x05, 0x32, 0x00, 0x05, 0x00, 0x0a, 0x00, 0x08, 0x07, 0x1e, 0x14, 0x01, 0x00, 0x70, 0x17,
	0x96, 0x00, 0x00, 0x00, 0x9c, 0xff, 0x1e, 0x00, 0x0f, 0x00, 0x05, 0x00, 0x05, 0x00, 0x05, 0x00,
	0x88, 0x13, 0xc8, 0x00, 0x00, 0x00, 0x00, 0x00, 0x00, 0x00, 0xde, 0x03, 0x00, 0x00, 0x00, 0x00,
	0xc8, 0x00, 0x50, 0x00, 0x1e, 0x00, 0x0a, 0x00, 0x0a, 0x00, 0x64, 0x00, 0x3c, 0x00, 0x50, 0x00,
	0x28, 0x00, 0x0b, 0x00, 0x5b, 0x00, 0x50, 0x00, 0x88, 0x13, 0x5c, 0x01, 0x88, 0x13, 0x5c, 0x01,
	0x14, 0x00, 0x64, 0x00, 0x58, 0x02, 0x26, 0x02, 0x90, 0x01, 0x00, 0x00, 0xce, 0xff, 0x9c, 0xff,
	0x6a, 0xff, 0xe8, 0x03, 0xe8, 0x03, 0xe8, 0x03, 0xe8, 0x03, 0xe8, 0x03, 0x32, 0x00, 0x32, 0x00,
	0x08, 0x07, 0x98, 0x08, 0x0a, 0x90, 0x01, 0x06, 0x00, 0x05, 0x0a, 0x14, 0xe0, 0x10, 0xf0, 0x0a,
	0x0a, 0x00, 0x1e, 0x60, 0x09, 0x0a, 0x0a, 0x1e, 0x0a, 0x00, 0x00, 0x00, 0x88, 0x13, 0x00, 0x00,
	0x76, 0x11, 0xae, 0x10, 0xc4, 0x09, 0x54, 0x0b, 0x3c, 0x37, 0xec, 0xf1, 0x01, 0x0a, 0x00, 0x00,
	0x00, 0x00, 0x00, 0x00, 0x00, 0x00, 0x00, 0x00, 0x00, 0x00, 0x00, 0x00, 0x00, 0x00, 0x00, 0x00,
	0xd0, 0x07, 0x64, 0x00, 0x09, 0x00, 0x05, 0x00, 0x14, 0x00, 0xcc, 0x10, 0x3c, 0x00, 0x3c, 0x00,
	0x00, 0x2f, 0x0d, 0x00, 0x10, 0x0e, 0x01, 0x01, 0x05, 0x0f, 0x05, 0x03, 0x05, 0x0a, 0x03, 0x00,
	0x0f, 0x00, 0x0a, 0x00, 0x64, 0x00, 0xc8, 0x00, 0x50, 0xc3, 0x3c, 0x00, 0x14, 0x00, 0x03, 0x01,
	0xe8, 0x03, 0x0a, 0x00, 0x00, 0x00, 0x00, 0x00, 0x00, 0x00, 0x00, 0x00, 0x00, 0x00, 0x00, 0x00,
	0x01, 0x48, 0xf4, 0x6a, 0xff, 0x32, 0x00, 0x5f, 0x03, 0x03, 0x2c, 0x01, 0x1e, 0x0a, 0x14, 0x58,
	0x02, 0x00, 0x00, 0x70, 0x17, 0x3c, 0x00, 0x48, 0xf4, 0x6a, 0xff, 0x05, 0x03, 0x03, 0x32, 0x00,
	0x00, 0x00, 0x00, 0x00, 0x00, 0x00, 0x00, 0x00, 0x00, 0x00, 0x00, 0x00, 0x00, 0x00, 0x00, 0x00,
	0x00, 0x00, 0x00, 0x00, 0x00, 0x00, 0x00, 0x00, 0x00, 0x00, 0x00, 0x00, 0x00, 0x00, 0x00, 0x16,
	0x9c, 0xff, 0x00, 0x00, 0x32, 0x00, 0x64, 0x00, 0x96, 0x00, 0xc8, 0x00, 0x5e, 0x01, 0x90, 0x01,
	0xe0, 0x01, 0x58, 0x02, 0x0a, 0x00, 0x03, 0x00, 0x32, 0x00, 0x4b, 0x00, 0x01, 0x00, 0x00, 0x00,
	0x76, 0x11, 0x44, 0x11, 0x44, 0x11, 0x44, 0x11, 0x44, 0x11, 0x44, 0x11, 0x44, 0x11, 0x3a, 0x11,
	0x30, 0x11, 0x44, 0x11, 0x34, 0x08, 0xb8, 0x0b, 0x6a, 0x0e, 0x68, 0x10, 0x00, 0x00, 0x00, 0x00,
	0x9f, 0x01, 0x9f, 0x01, 0x03, 0x01, 0x9f, 0x01, 0x9f, 0x01, 0x03, 0x01, 0x0e, 0x04, 0x0e, 0x04,
	0x03, 0x01, 0x46, 0x14, 0x46, 0x14, 0x03, 0x01, 0x54, 0x18, 0x54, 0x18, 0x03, 0x01, 0x54, 0x18,
	0x54, 0x18, 0x03, 0x01, 0x54, 0x18, 0x54, 0x18, 0x03, 0x01, 0x54, 0x18, 0x54, 0x18, 0x03, 0x01,
	0x23, 0x0a, 0x23, 0x0a, 0x03, 0x01, 0x5e, 0x01, 0x00, 0x00, 0x00, 0x00, 0x00, 0x00, 0x00, 0x00,
	0x64, 0x00, 0x2c, 0x01, 0x20, 0x03, 0x00, 0x00, 0x00, 0x00, 0x00, 0x00, 0x00, 0x14, 0x1e, 0x1e,
	0x00, 0x00, 0x00, 0x00, 0x00, 0x00, 0x00, 0x00, 0x00, 0x00, 0x00, 0x00, 0x00, 0x00, 0x00, 0x00,
	0x0a, 0x00, 0x0a, 0x00, 0x0a, 0x00, 0x0a, 0x00, 0x1e, 0x00, 0x1e, 0x00, 0x1e, 0x00, 0x1e, 0x00,
	0x32, 0x00, 0x32, 0x00, 0x32, 0x00, 0x32, 0x00, 0x78, 0x00, 0x78, 0x00, 0x78, 0x00, 0x78, 0x00,
	0xcc, 0x10, 0xe0, 0x10, 0x1c, 0x11, 0x44, 0x11, 0x27, 0x01, 0xea, 0x00, 0xb1, 0x00, 0x93, 0x00,
	0x76, 0x00, 0x78, 0x00, 0x78, 0x00, 0x78, 0x00, 0x78, 0x00, 0xcc, 0x10, 0xe0, 0x10, 0x1c, 0x11,
	0x44, 0x11, 0x27, 0x01, 0xea, 0x00, 0xb1, 0x00, 0x93, 0x00, 0x76, 0x00, 0x5e, 0x01, 0x23, 0x00,
	0x36, 0x03, 0x28, 0x00, 0x04, 0x04, 0x28, 0x00, 0x9f, 0x05, 0x28, 0x00, 0xa1, 0x07, 0x28, 0x00,
	0x5f, 0x0a, 0x32, 0x00, 0x38, 0x22, 0x38, 0x22, 0x38, 0x22, 0x38, 0x22, 0x0a, 0x00, 0x50, 0x14,
	0x96, 0x00, 0x70, 0x44, 0x70, 0x44, 0x70, 0x44, 0x70, 0x44, 0x28, 0x00, 0x50, 0x14, 0x5e, 0x01,
	0xa8, 0x66, 0xa8, 0x66, 0xa8, 0x66, 0xa8, 0x66, 0x46, 0x00, 0x01, 0x0a, 0x00, 0x00, 0xf4, 0x01,
	0x68, 0x10, 0x2c, 0x01, 0x19, 0x00, 0xb8, 0x0b, 0x00, 0x00, 0x00, 0x00, 0x00, 0x00, 0x00, 0x00,
	0x64, 0x00, 0x64, 0x00, 0x30, 0x11, 0x0c, 0x00, 0x00, 0x00, 0x00, 0x00, 0x00, 0x00, 0x00, 0x00,
	0x00, 0x00, 0x00, 0x00, 0x00, 0x00, 0x00, 0x00, 0x00, 0x00, 0x00, 0x00, 0x00, 0x00, 0x00, 0x00,
	0x02, 0xb3, 0xa8, 0x5e, 0xa4, 0xc1, 0xa6, 0xdb, 0x6f, 0xbd, 0x1f, 0xd5, 0x76, 0x7c, 0x1a, 0x42,
	0x31, 0x4f, 0x37, 0xba, 0x7c, 0x94, 0x60, 0xc9, 0xed, 0x79, 0xa1, 0x2b, 0xb2, 0xb5, 0xd9, 0x9c,
	0x04, 0x10, 0x04, 0x10, 0x64, 0x00, 0x50, 0x00, 0x96, 0x00, 0x78, 0x00, 0x32, 0x00, 0x50, 0x00,
	0x32, 0x00, 0x50, 0x00, 0x0a, 0x00, 0x32, 0x00, 0x0a, 0x00, 0x14, 0x00, 0x0a, 0x00, 0x14, 0x00,
	0x03, 0x0f, 0x00, 0x00, 0xa8, 0xf7, 0x1b, 0x04, 0x40, 0x1f, 0xb8, 0x0b, 0x58, 0x02, 0x64, 0x00,
	0xc8, 0x00, 0x3c, 0x00, 0xc4, 0x09, 0x06, 0x07, 0x20, 0x4e, 0x98, 0x3a, 0x10, 0x27, 0x88, 0x13,
	0xb8, 0x0b, 0xd0, 0x07, 0xe8, 0x03, 0x20, 0x03, 0xf4, 0x01, 0xc8, 0x00, 0x64, 0x00, 0x50, 0x00,
	0x32, 0x00, 0x14, 0x00, 0x0a, 0x00, 0x08, 0x00, 0x05, 0x00, 0x03, 0x00, 0x02, 0x00, 0x01, 0x00,
	0x00, 0x00, 0x00, 0x00, 0x00, 0x00, 0x00, 0x00, 0x00, 0x00, 0x00, 0x00, 0x00, 0x00, 0x00, 0x00,
	0x00, 0x00, 0x00, 0x00, 0x00, 0x00, 0x00, 0x00, 0x00, 0x00, 0x00, 0x00, 0x00, 0x00, 0x00, 0xd6,
	0x03, 0x96, 0x00, 0xc8, 0x00, 0x05, 0x9c, 0xff, 0x38, 0xff, 0x02, 0x38, 0xff, 0x02, 0x40, 0x7e,
	0x05, 0x00, 0x14, 0x00, 0x00, 0x00, 0x01, 0x00, 0x00, 0x01, 0x00, 0x00, 0x01, 0x00, 0x00, 0x01,
	0x32, 0x00, 0xc8, 0x00, 0x01, 0x01, 0x01, 0x01, 0x64, 0x00, 0x64, 0x00, 0x10, 0x0e, 0x00, 0x00,
	0x1c, 0x0c, 0x30, 0x00, 0x64, 0x00, 0x0a, 0x05, 0x0a, 0x14, 0x0a, 0x06, 0x00, 0x00, 0x00, 0x00,
	0x76, 0x11, 0x76, 0x11, 0x76, 0x11, 0x76, 0x11, 0x76, 0x11, 0x76, 0x11, 0x76, 0x11, 0x76, 0x11,
	0x64, 0x00, 0x2c, 0x01, 0xf4, 0x01, 0x20, 0x03, 0x00, 0x14, 0x1e, 0x1e, 0x1e, 0x02, 0x02, 0x02,
	0x02, 0x02, 0x32, 0x00, 0x32, 0x00, 0x32, 0x00, 0x32, 0x00, 0x32, 0x00, 0x0a, 0x00, 0x0a, 0x00,
	0x0a, 0x00, 0x0a, 0x00, 0x0a, 0x00, 0x0a, 0x00, 0xc8, 0x00, 0x64, 0x00, 0x10, 0x0e, 0x19, 0x00,
	0xaa, 0x55, 0x6e, 0x00, 0x2e, 0x09, 0x14, 0x00, 0xfa, 0x00, 0x5e, 0x01, 0x90, 0x01, 0xc2, 0x01,
	0x58, 0x02, 0xbc, 0x02, 0x20, 0x03, 0x0a, 0x00, 0x0c, 0x00, 0x64, 0x00, 0x1e, 0x00, 0x1e, 0x00,
	0x01, 0x00, 0x00, 0x00, 0x00, 0x00, 0x00, 0x00, 0x00, 0x00, 0x00, 0x00, 0x00, 0x00, 0x08, 0x07,
	0x62, 0x00, 0x0a, 0x00, 0xe0, 0x01, 0x64, 0x00, 0xc8, 0x00, 0x38, 0xff, 0x58, 0x02, 0xd4, 0xfe,
	0x10, 0x0e, 0x1e, 0x00, 0x14, 0x00, 0x05, 0x00, 0xec, 0xff, 0x3c, 0x00, 0x5a, 0x00, 0x5f, 0x00,
	0x58, 0x02, 0xe0, 0x01, 0x58, 0x02, 0x08, 0x07, 0xa0, 0x8c, 0x0a, 0x00, 0xb0, 0xff, 0x05, 0x00,
	0x20, 0x03, 0x50, 0x00, 0x5a, 0x00, 0x0a, 0x00, 0x40, 0x0b, 0xdc, 0x0a, 0x03, 0x00, 0x0a, 0x00,
	0x50, 0x46, 0x02, 0x00, 0x01, 0x00, 0x00, 0x00, 0x00, 0x00, 0x00, 0x00, 0x00, 0x00, 0x00, 0x00,
	0xf4, 0x01, 0x05, 0x00, 0x02, 0x00, 0x64, 0x00, 0x20, 0x1c, 0xf4, 0x01, 0x32, 0x00, 0x00, 0x00,
	0x00, 0x00, 0x00, 0x00, 0x00, 0x00, 0x00, 0x00, 0x00, 0x00, 0x00, 0x00, 0x00, 0x00, 0x00, 0x00,
	0x32, 0x00, 0x4e, 0x0c, 0x0f, 0x00, 0x64, 0x00, 0x9c, 0xff, 0x58, 0x02, 0xf4, 0x01, 0x00, 0x00,
	0x00, 0x00, 0x00, 0x00, 0x00, 0x00, 0x00, 0x00, 0x00, 0x00, 0x00, 0x00, 0x00, 0x00, 0x00, 0x00,
	0x70, 0x17, 0xf4, 0x01, 0x1c, 0x0c, 0xe4, 0x0c, 0xac, 0x0d, 0x5e, 0x01, 0x96, 0x00, 0x64, 0x00,
	0xc8, 0x00, 0xc8, 0x00, 0x14, 0x00, 0x46, 0x00, 0x80, 0x0c, 0xe4, 0x0c, 0x48, 0x0d, 0x00, 0x00,
	0xf4, 0x01, 0x0c, 0xfe, 0xb8, 0x0b, 0x64, 0x00, 0x32, 0x00, 0x40, 0x06, 0x78, 0x00, 0x8c, 0x0a,
	0x8c, 0x0a, 0x64, 0x00, 0x64, 0x00, 0x64, 0x00, 0x90, 0x01, 0xb8, 0x0b, 0x00, 0x00, 0x00, 0x00,
	0x90, 0x01, 0x20, 0x03, 0xb0, 0x04, 0x80, 0x0c, 0xe4, 0x0c, 0x48, 0x0d, 0x10, 0x0e, 0x00, 0x00,
	0x00, 0x00, 0x00, 0x00, 0x00, 0x00, 0x00, 0x00, 0x00, 0x00, 0x00, 0x00, 0x00, 0x00, 0x00, 0x00,
	0xc8, 0x00, 0xfa, 0x00, 0x2c, 0x01, 0x5e, 0x01, 0x90, 0x01, 0xc2, 0x01, 0xdf, 0x01, 0xfc, 0x08,
	0x30, 0x11, 0x4a, 0x01, 0x14, 0x19, 0x14, 0x1e, 0x9c, 0x32, 0x32, 0x14, 0x00, 0x00, 0x00, 0x00,
	0x10, 0x08, 0x00, 0x00, 0x34, 0xe6, 0x0d, 0x05, 0x40, 0x1f, 0xb8, 0x0b, 0xc8, 0x00, 0x20, 0x4e,
	0xe8, 0x03, 0x3c, 0x00, 0x64, 0x00, 0x14, 0x00, 0x5f, 0x00, 0x05, 0x00, 0x96, 0x00, 0x32, 0x00,
	0x00, 0x00, 0x00, 0x00, 0x00, 0x00, 0x00, 0x00, 0x00, 0x00, 0x00, 0x00, 0x00, 0x00, 0x00, 0x00,
	0x00, 0x00, 0x00, 0x00, 0x00, 0x00, 0x00, 0x00, 0x00, 0x00, 0x00, 0x00, 0x00, 0x00, 0x00, 0x7a,
	0xff, 0xff, 0x00, 0x00, 0x00, 0x34, 0x00, 0x00, 0x00, 0x8c, 0x01, 0x00, 0x11, 0x83, 0x00, 0x00,
	0x00, 0x00, 0x00, 0x00, 0x00, 0x00, 0x00, 0x00, 0x00, 0x00, 0x00, 0x00, 0x00, 0x00, 0x00, 0x00,
	0xaa, 0x55, 0x00, 0xff, 0xaa, 0x55, 0x00, 0xff, 0x00, 0x00, 0x00, 0x00, 0x00, 0x00, 0x00, 0x00,
	0x00, 0x00, 0x00, 0x00, 0x00, 0x00, 0x00, 0x00, 0x00, 0x00, 0x00, 0x00, 0x00, 0x00, 0x00, 0x00,
	0x00, 0x00, 0x00, 0x00, 0x00, 0x00, 0x00, 0x00, 0x00, 0x00, 0x00, 0x00, 0x00, 0x00, 0x00, 0x00,
	0x00, 0x00, 0x00, 0x00, 0x00, 0x00, 0x00, 0x00, 0x00, 0x00, 0x00, 0x00, 0x00, 0x00, 0x00, 0x00,
	0x00, 0x00, 0x00, 0x00, 0x00, 0x00, 0x00, 0x00, 0x00, 0x00, 0x00, 0x00, 0x00, 0x00, 0x00, 0x00,
	0x00, 0x00, 0x00, 0x00, 0x00, 0x00, 0x00, 0x00, 0x00, 0x00, 0x00, 0x00, 0x00, 0x00, 0x00, 0x00,
	0x00, 0x00, 0x00, 0x00, 0x00, 0x00, 0x00, 0x00, 0x00, 0x00, 0x00, 0x00, 0x00, 0x00, 0x00, 0x00,
	0x00, 0x00, 0x00, 0x00, 0x00, 0x00, 0x00, 0x00, 0x00, 0x00, 0x00, 0x00, 0x00, 0x00, 0x00, 0x00,
	0x00, 0x00, 0x00, 0x00, 0x00, 0x00, 0x00, 0x00, 0x00, 0x00, 0x00, 0x00, 0x00, 0x00, 0x00, 0x00,
	0x00, 0x00, 0x00, 0x00, 0x00, 0x00, 0x00, 0x00, 0x00, 0x00, 0x00, 0x00, 0x00, 0x00, 0x00, 0x00,
	0x00, 0x00, 0x00, 0x00, 0x00, 0x00, 0x00, 0x00, 0x00, 0x00, 0x00, 0x00, 0x00, 0x00, 0x00, 0x00,
	0x00, 0x00, 0x00, 0x00, 0x00, 0x00, 0x00, 0x00, 0x00, 0x00, 0x00, 0x00, 0x00, 0x00, 0x00, 0x00,
	0x00, 0x00, 0x00, 0x00, 0x00, 0x00, 0x00, 0x00, 0x00, 0x00, 0x00, 0x00, 0x00, 0x00, 0x00, 0x00,
	0x00, 0x00, 0x00, 0x00, 0x00, 0x00, 0x00, 0x00, 0x00, 0x00, 0x00, 0x00, 0x00, 0x00, 0x00, 0x00,
	0x00, 0x00, 0x00, 0x00, 0x00, 0x00, 0x00, 0x00, 0x00, 0x00, 0x00, 0x00, 0x00, 0x00, 0x00, 0x00,
	0x00, 0x00, 0x00, 0x00, 0x00, 0x00, 0x00, 0x00, 0x00, 0x00, 0x00, 0x00, 0x00, 0x00, 0x00, 0x00,
	0x00, 0x00, 0x00, 0x00, 0x00, 0x00, 0x00, 0x00, 0x00, 0x00, 0x00, 0x00, 0x00, 0x00, 0x00, 0x00,
	0x00, 0x00, 0x00, 0x00, 0x00, 0x00, 0x00, 0x00, 0x00, 0x00, 0x00, 0x00, 0x00, 0x00, 0x00, 0x00,
	0x00, 0x00, 0x00, 0x00, 0x00, 0x00, 0x00, 0x00, 0x00, 0x00, 0x00, 0x00, 0x00, 0x00, 0x00, 0x00,
	0x00, 0x00, 0x00, 0x00, 0x00, 0x00, 0x00, 0x00, 0x00, 0x00, 0x00, 0x00, 0x00, 0x00, 0x00, 0x00,
	0x00, 0x00, 0x00, 0x00, 0x00, 0x00, 0x00, 0x00, 0x00, 0x00, 0x00, 0x00, 0x00, 0x00, 0x00, 0x00,
	0x00, 0x00, 0x00, 0x00, 0x00, 0x00, 0x00, 0x00, 0x00, 0x00, 0x00, 0x00, 0x00, 0x00, 0x00, 0x00,
	0x00, 0x00, 0x00, 0x00, 0x00, 0x00, 0x00, 0x00, 0x00, 0x00, 0x00, 0x00, 0x00, 0x00, 0x00, 0x00,
	0x00, 0x00, 0x00, 0x00, 0x00, 0x00, 0x00, 0x00, 0x00, 0x00, 0x00, 0x00, 0x00, 0x00, 0x00, 0x00,
	0x00, 0x00, 0x00, 0x00, 0x00, 0x00, 0x00, 0x00, 0x00, 0x00, 0x00, 0x00, 0x00, 0x00, 0x00, 0x00,
	0x00, 0x00, 0x00, 0x00, 0x00, 0x00, 0x00, 0x00, 0x00, 0x00, 0x00, 0x00, 0x00, 0x00, 0x00, 0x00,
	0x00, 0x00, 0x00, 0x00, 0x00, 0x00, 0x00, 0x00, 0x00, 0x00, 0x00, 0x00, 0x00, 0x00, 0x00, 0x00,
	0x00, 0x00, 0x00, 0x00, 0x00, 0x00, 0x00, 0x00, 0x00, 0x00, 0x00, 0x00, 0x00, 0x00, 0x00, 0x00,
	0x00, 0x00, 0x00, 0x00, 0x00, 0x00, 0x00, 0x00, 0x00, 0x00, 0x00, 0x00, 0x00, 0x00, 0x00, 0x00,
	0x00, 0x00, 0x00, 0x00, 0x00, 0x00, 0x00, 0x00, 0x00, 0x00, 0x00, 0x00, 0x00, 0x00, 0x00, 0x00,
	0xf0, 0x1d, 0x00, 0x20, 0x75, 0x41, 0x00, 0x00, 0xdd, 0xf0, 0x00, 0x00, 0x69, 0xd1, 0x00, 0x00,
	0x00, 0x00, 0x00, 0x00, 0x00, 0x00, 0x00, 0x00, 0x00, 0x00, 0x00, 0x00, 0x00, 0x00, 0x00, 0x00,
	0x00, 0x00, 0x00, 0x00, 0x00, 0x00, 0x00, 0x00, 0x00, 0x00, 0x00, 0x00, 0x99, 0x19, 0x01, 0x00,
	0x00, 0x00, 0x00, 0x00, 0x00, 0x00, 0x00, 0x00, 0x3d, 0xf6, 0x00, 0x00, 0xc9, 0x2a, 0x01, 0x00,
	0x29, 0x96, 0x00, 0x00, 0xc5, 0xdb, 0x00, 0x00, 0x95, 0x45, 0x00, 0x00, 0xcd, 0x92, 0x00, 0x00,
	0xa9, 0x88, 0x00, 0x00, 0x7d, 0xd7, 0x00, 0x00, 0xfd, 0x4c, 0x01, 0x00, 0x31, 0xcd, 0x00, 0x00,
	0xed, 0x42, 0x00, 0x00, 0x5d, 0x72, 0x00, 0x00, 0x00, 0x00, 0x00, 0x00, 0x00, 0x00, 0x00, 0x00,
	0x00, 0x00, 0x00, 0x00, 0x00, 0x00, 0x00, 0x00, 0x00, 0x00, 0x00, 0x00, 0x00, 0x00, 0x00, 0x00,
	0x00, 0x00, 0x00, 0x00, 0x00, 0x00, 0x00, 0x00, 0x00, 0x00, 0x00, 0x00, 0x00, 0x00, 0x00, 0x00,
	0x00, 0x00, 0x00, 0x00, 0x00, 0x00, 0x00, 0x00, 0x00, 0x00, 0x00, 0x00, 0x00, 0x00, 0x00, 0x00,
	0x00, 0x00, 0x00, 0x00, 0x00, 0x00, 0x00, 0x00, 0x00, 0x00, 0x00, 0x00, 0x00, 0x00, 0x00, 0x00,
	0x00, 0x00, 0x00, 0x00, 0x00, 0x00, 0x00, 0x00, 0x00, 0x00, 0x00, 0x00, 0x00, 0x00, 0x00, 0x00,
	0x03, 0x48, 0x85, 0x46, 0x00, 0xf0, 0x18, 0xfd, 0x00, 0x48, 0x00, 0x47, 0x4d, 0x73, 0x01, 0x00,
	0xf0, 0x1d, 0x00, 0x20, 0x30, 0xb5, 0x0b, 0x46, 0x01, 0x46, 0x00, 0x20, 0x20, 0x22, 0x01, 0x24,
	0x09, 0xe0, 0x0d, 0x46, 0xd5, 0x40, 0x9d, 0x42, 0x05, 0xd3, 0x1d, 0x46, 0x95, 0x40, 0x49, 0x1b,
	0x25, 0x46, 0x95, 0x40, 0x40, 0x19, 0x15, 0x46, 0x52, 0x1e, 0x00, 0x2d, 0xf1, 0xdc, 0x30, 0xbd,
	0x70, 0xb5, 0x00, 0x24, 0x25, 0x46, 0x00, 0x28, 0x01, 0xda, 0x01, 0x24, 0x40, 0x42, 0x00, 0x29,
	0x01, 0xda, 0x01, 0x25, 0x49, 0x42, 0xff, 0xf7, 0xdd, 0xff, 0xac, 0x42, 0x00, 0xd0, 0x40, 0x42,
	0x00, 0x2c, 0x00, 0xd0, 0x49, 0x42, 0x70, 0xbd, 0xf0, 0xb5, 0x1f, 0xb4, 0x06, 0x46, 0x00, 0x20,
	0x82, 0xb0, 0x05, 0x46, 0x40, 0x24, 0x01, 0x91, 0x00, 0x90, 0x1b, 0xe0, 0x01, 0x99, 0x22, 0x46,
	0x0f, 0x46, 0x30, 0x46, 0x00, 0xf0, 0x93, 0xf8, 0x04, 0x9a, 0x05, 0x9b, 0x80, 0x1a, 0x99, 0x41,
	0x10, 0xd3, 0x10, 0x46, 0x19, 0x46, 0x22, 0x46, 0x00, 0xf0, 0x79, 0xf8, 0x36, 0x1a, 0x8f, 0x41,
	0x01, 0x97, 0x22, 0x46, 0x01, 0x20, 0x00, 0x21, 0x00, 0x9f, 0x00, 0xf0, 0x70, 0xf8, 0x38, 0x18,
	0x4d, 0x41, 0x00, 0x90, 0x20, 0x46, 0x64, 0x1e, 0x00, 0x28, 0xdf, 0xdc, 0x01, 0x9b, 0x00, 0x98,
	0x29, 0x46, 0x32, 0x46, 0x07, 0xb0, 0xf0, 0xbd, 0xf8, 0xb5, 0x00, 0x24, 0x25, 0x46, 0x00, 0x29,
	0x04, 0xda, 0x0e, 0x46, 0x01, 0x24, 0x00, 0x21, 0x40, 0x42, 0xb1, 0x41, 0x00, 0x2b, 0x04, 0xda,
	0x1e, 0x46, 0x00, 0x23, 0x52, 0x42, 0x01, 0x25, 0xb3, 0x41, 0xff, 0xf7, 0xbd, 0xff, 0x8c, 0x46,
	0x17, 0x46, 0x1e, 0x46, 0xac, 0x42, 0x03, 0xd0, 0x00, 0x25, 0x40, 0x42, 0x8d, 0x41, 0xac, 0x46,
	0x00, 0x2c, 0x02, 0xd0, 0x00, 0x26, 0x57, 0x42, 0x9e, 0x41, 0x61, 0x46, 0x3a, 0x46, 0x33, 0x46,
	0x01, 0xb0, 0xf0, 0xbd, 0xf0, 0xb5, 0x1f, 0xb4, 0x86, 0xb0, 0x00, 0x20, 0x00, 0x90, 0x01, 0x90,
	0x02, 0x90, 0x06, 0x98, 0x06, 0x99, 0x80, 0xb2, 0x04, 0x90, 0x07, 0x98, 0x09, 0x0c, 0x02, 0x04,
	0x00, 0x14, 0x11, 0x43, 0x07, 0x90, 0x00, 0x27, 0x08, 0x9d, 0x09, 0x98, 0x06, 0x91, 0x3e, 0x46,
	0x41, 0x7a, 0x02, 0x7a, 0x08, 0x02, 0x10, 0x43, 0x01, 0xd0, 0x0a, 0xf0, 0x2f, 0xfd, 0x20, 0x88,
	0x40, 0x06, 0x0c, 0xd5, 0x02, 0xf0, 0xa8, 0xf8, 0x09, 0xf0, 0xc4, 0xf8, 0x08, 0x48, 0x81, 0x7b,
	0x01, 0x29, 0x05, 0xd0, 0x00, 0x7c, 0x01, 0x28, 0x01, 0xd1, 0x08, 0xf0, 0x41, 0xfb, 0x10, 0xbd,
	0x09, 0xf0, 0xf4, 0xf8, 0x10, 0xbd, 0x00, 0x00, 0x3c, 0x05, 0x00, 0x20, 0xa0, 0xe5, 0x01, 0x00,
	0xe8, 0x08, 0x00, 0x20, 0x10, 0xb5, 0x01, 0x21, 0x88, 0x02, 0x05, 0xf0, 0x0b, 0xf8, 0x00, 0xf0,
	0x3f, 0xf8, 0x00, 0xf0, 0x1b, 0xf8, 0xff, 0x20, 0x80, 0x02, 0x00, 0xf0, 0x33, 0xf8, 0x01, 0x20,
	0x00, 0xf0, 0x24, 0xf8, 0x01, 0x20, 0x00, 0xf0, 0x03, 0xf8, 0x00, 0xf0, 0x17, 0xf8, 0x10, 0xbd,
	0x05, 0x49, 0x01, 0x28, 0x88, 0x68, 0x03, 0xd0, 0x40, 0x08, 0x40, 0x00, 0x88, 0x60, 0x70, 0x47,
	0x01, 0x22, 0x10, 0x43, 0xfa, 0xe7, 0x00, 0x00, 0x00, 0x40, 0x00, 0x40, 0x00, 0x20, 0x02, 0x49,
	0xc0, 0x43, 0xc8, 0x60, 0x70, 0x47, 0x00, 0x00, 0x00, 0x40, 0x00, 0x40, 0x02, 0x49, 0x01, 0x48,
	0x08, 0x60, 0x70, 0x47, 0x78, 0x56, 0x34, 0x12, 0x00, 0x4c, 0x00, 0x40, 0x04, 0x49, 0x04, 0x22,
	0x01, 0x28, 0x88, 0x68, 0x02, 0xd0, 0x90, 0x43, 0x88, 0x60, 0x70, 0x47, 0x10, 0x43, 0xfb, 0xe7,
	0x00, 0x40, 0x00, 0x40, 0x01, 0x49, 0x08, 0x60, 0xff, 0x20, 0x70, 0x47, 0x00, 0x40, 0x00, 0x40,
	0x02, 0x49, 0x01, 0x48, 0x08, 0x60, 0x70, 0x47, 0x51, 0xe5, 0xcc, 0x1a, 0x00, 0x4c, 0x00, 0x40,
	0xf8, 0xb5, 0x01, 0x24, 0x52, 0x1e, 0x01, 0xe0, 0x64, 0x1c, 0x24, 0xb2, 0x65, 0x00, 0x45, 0x5f,
	0x9d, 0x42, 0x01, 0xda, 0x94, 0x42, 0xf7, 0xdb, 0x62, 0x00, 0x54, 0x18, 0x40, 0x3c, 0x3e, 0x25,
	0x8e, 0x5a, 0x65, 0x5f, 0x71, 0x1b, 0x0e, 0xb2, 0x11, 0x18, 0x40, 0x39, 0xcf, 0x8f, 0x80, 0x5a,
	0xd9, 0x1b, 0xc0, 0x1b, 0x02, 0xb2, 0x09, 0xb2, 0x00, 0x2a, 0x06, 0xd0, 0x30, 0x46, 0xf6, 0xf7,
	0xeb, 0xfd, 0xe1, 0x8f, 0x40, 0x18, 0x00, 0xb2, 0xf8, 0xbd, 0x28, 0x46, 0xf8, 0xbd, 0x00, 0x00,
	0x70, 0xb5, 0x16, 0x46, 0x0a, 0x46, 0x00, 0x24, 0x9b, 0x1e, 0x04, 0x99, 0x01, 0xe0, 0x64, 0x1c,
	0x24, 0xb2, 0xa5, 0x00, 0x45, 0x59, 0x8d, 0x42, 0x01, 0xd2, 0x9c, 0x42, 0xf7, 0xdb, 0x33, 0x46,
	0x63, 0x43, 0x9a, 0x18, 0x15, 0xb2, 0xa4, 0x00, 0x02, 0x59, 0x20, 0x18, 0x40, 0x68, 0x8b, 0x1a,
	0x82, 0x1a, 0x04, 0xd0, 0x31, 0x46, 0x18, 0x46, 0xf6, 0xf7, 0xc6, 0xfd, 0x45, 0x19, 0x04, 0x48,
	0x85, 0x42, 0x02, 0xdb, 0x40, 0x0c, 0x85, 0x42, 0x00, 0xdd, 0x05, 0x46, 0x28, 0xb2, 0x70, 0xbd,
	0x00, 0x80, 0xff, 0xff, 0x72, 0xb6, 0x70, 0x47, 0x62, 0xb6, 0x70, 0x47, 0x10, 0xb5, 0x01, 0x21,
	0x02, 0x20, 0x04, 0xf0, 0x67, 0xff, 0x0a, 0x4c, 0x20, 0x46, 0x05, 0xf0, 0x3f, 0xf9, 0x3f, 0x21,
	0x20, 0x46, 0x05, 0xf0, 0x2d, 0xf9, 0xff, 0x21, 0x20, 0x46, 0x05, 0xf0, 0x4b, 0xf9, 0x03, 0x21,
	0x20, 0x46, 0x05, 0xf0, 0x13, 0xf9, 0x01, 0x21, 0x20, 0x46, 0x05, 0xf0, 0xcf, 0xf8, 0x10, 0xbd,
	0x00, 0x08, 0x00, 0x40, 0x70, 0xb5, 0x2d, 0x4e, 0x30, 0x46, 0x05, 0xf0, 0x03, 0xf9, 0x00, 0x28,
	0x52, 0xd0, 0x0a, 0xf0, 0xef, 0xf9, 0x2a, 0x4d, 0xe8, 0x78, 0x29, 0x79, 0x88, 0x42, 0x48, 0xd9,
	0xff, 0xf7, 0xd0, 0xfb, 0x27, 0x48, 0x00, 0x24, 0x04, 0x73, 0x01, 0xf0, 0x28, 0xfd, 0x26, 0x48,
	0x41, 0x69, 0x49, 0x1c, 0x41, 0x61, 0x25, 0x48, 0x01, 0x68, 0x49, 0x1c, 0x01, 0x60, 0x28, 0x78,
	0xfc, 0x08, 0x40, 0x00, 0x16, 0x12, 0x00, 0x02, 0x12, 0x00, 0x40, 0x00, 0x0b, 0x00, 0xb8, 0x0b,
	0x17, 0x00, 0x7a, 0x00, 0x02, 0x00, 0xf4, 0x01, 0x02, 0x00, 0xf4, 0x01, 0x4b, 0x00, 0x00, 0x00,
	0xc4, 0x09, 0xfc, 0x08, 0x4e, 0x11, 0xc8, 0x00, 0x38, 0xff, 0x38, 0xff, 0x01, 0x01, 0x46, 0x14,
	0x1e, 0x00, 0x00, 0x00, 0x00, 0x00, 0x00, 0x00, 0x00, 0x00, 0x00, 0x00, 0x00, 0x00, 0x00, 0x00,
	0x06, 0x01, 0xba, 0x09, 0xc4, 0x09, 0x01, 0x01, 0x02, 0x12, 0x02, 0x12, 0x02, 0x12, 0x02, 0x12,
	0x02, 0x12, 0x02, 0x12, 0x02, 0x12, 0x02, 0x12, 0x02, 0x12, 0x3a, 0x11, 0x3a, 0x11, 0x3a, 0x11,
	0x3a, 0x11, 0x3a, 0x11, 0x3a, 0x11, 0x3a, 0x11, 0x3a, 0x11, 0x3a, 0x11, 0x02, 0x00, 0x01, 0x0f,
	0xc0, 0x5d, 0xc8, 0x00, 0x04, 0x0a, 0xfc, 0xd6, 0x38, 0xff, 0x05, 0x00, 0xbc, 0x02, 0x58, 0x02,
	0x05, 0x02, 0x02, 0x00, 0xbc, 0x02, 0x58, 0x02, 0x88, 0xff, 0x9c, 0xff, 0x24, 0xff, 0x6a, 0xff,
	0x08, 0x07, 0xd0, 0x07, 0x08, 0x07, 0x02, 0x00, 0x30, 0x2a, 0xc4, 0x09, 0xe8, 0x03, 0x05, 0x00,
	0x02, 0x02, 0x20, 0x03, 0x8a, 0x02, 0xa2, 0xfe, 0x38, 0xff, 0x00, 0x00, 0x00, 0x00, 0x00, 0x00,
	0x00, 0x00, 0x00, 0x00, 0x00, 0x00, 0x00, 0x00, 0x00, 0x00, 0x00, 0x00, 0x00, 0x00, 0x00, 0x00,
	0x20, 0x11, 0x00, 0x00, 0x00, 0x40, 0x03, 0x3c, 0x00, 0x0a, 0xd0, 0x07, 0xdc, 0x05, 0x00, 0x00,
	0x00, 0x00, 0x00, 0x00, 0x00, 0x00, 0x5f, 0x5a, 0x55, 0x50, 0x3c, 0x1e, 0x05, 0x00, 0x00, 0x00,
	0x43, 0x67, 0xc8, 0x00, 0x0a, 0x00, 0x05, 0x00, 0x07, 0x00, 0x09, 0x00, 0x32, 0x00, 0x96, 0x00,
	0x32, 0x00, 0x0a, 0x00, 0xc8, 0x00, 0x64, 0x00, 0x05, 0x00, 0x2c, 0x01, 0x50, 0x00, 0x55, 0x00,
	0x5a, 0x00, 0x86, 0x0b, 0xb8, 0x0b, 0xea, 0x0b, 0x03, 0x00, 0x2c, 0x01, 0xf4, 0x01, 0x20, 0x03,
	0x86, 0x0b, 0xb8, 0x0b, 0xea, 0x0b, 0xce, 0xff, 0x32, 0x00, 0x96, 0x00, 0x86, 0x0b, 0xb8, 0x0b,
	0xea, 0x0b, 0x0a, 0x00, 0x14, 0x00, 0xfa, 0x00, 0xea, 0x0b, 0xb2, 0x0c, 0x0c, 0x0d, 0x88, 0x13,
	0x5e, 0x01, 0xc2, 0x01, 0x00, 0x00, 0x22, 0x0b, 0x64, 0x00, 0xc8, 0x00, 0x2c, 0x01, 0xb8, 0x0b,
	0x1c, 0x0c, 0x80, 0x0c, 0xe4, 0x0c, 0x02, 0x00, 0x02, 0x00, 0x64, 0x00, 0x2c, 0x01, 0x20, 0x03,
	0x00, 0x00, 0x00, 0x00, 0x00, 0x00, 0x00, 0x00, 0x14, 0x1e, 0x28, 0x3c, 0x14, 0x1e, 0x28, 0x3c,
	0x00, 0x00, 0x00, 0x00, 0xc8, 0x00, 0x32, 0x00, 0xc8, 0x00, 0x30, 0x2a, 0xf4, 0x01, 0x00, 0x00,
	0x32, 0x00, 0xc8, 0x00, 0x32, 0x00, 0xdc, 0x00, 0x64, 0x00, 0x2c, 0x01, 0xf0, 0x0f, 0x54, 0x10,
	0xd0, 0x07, 0xc8, 0x00, 0x3c, 0x00, 0xb8, 0x0b, 0x10, 0x0e, 0x00, 0x00, 0xf0, 0x0a, 0x10, 0x0e,
	0x00, 0x00, 0x64, 0x00, 0xba, 0xff, 0x46, 0x00, 0x32, 0x00, 0x0a, 0x00, 0x08, 0x07, 0x00, 0x00,
	0x52, 0x02, 0x00, 0x00, 0x84, 0xf3, 0x00, 0x00, 0x82, 0x60, 0x21, 0x00, 0x4c, 0x04, 0x34, 0x00,
	0x30, 0x00, 0x50, 0x00, 0x46, 0x00, 0xc2, 0x01, 0xc8, 0x00, 0x40, 0x06, 0x78, 0x05, 0x32, 0x00,
	0xc8, 0x00, 0x00, 0x00, 0x1e, 0x00, 0x5f, 0x00, 0x60, 0x03, 0xe0, 0x10, 0x50, 0x46, 0x60, 0x09,
	0xc0, 0x03, 0x68, 0x01, 0x48, 0x00, 0x3c, 0x00, 0x05, 0x0f, 0x01, 0x00, 0x00, 0x00, 0x00, 0x00,
	0x00, 0x00, 0x00, 0x00, 0x00, 0x00, 0x00, 0x00, 0x00, 0x00, 0x00, 0x00, 0x00, 0x00, 0x00, 0x00,
	0x00, 0x00, 0x00, 0x00, 0x00, 0x00, 0x00, 0x00, 0x00, 0x00, 0x00, 0x00, 0x00, 0x00, 0x00, 0x1d,
	0xfa, 0x00, 0x78, 0x00, 0x64, 0x00, 0x05, 0x00, 0x3c, 0x00, 0xd0, 0x07, 0x32, 0x00, 0x00, 0x00,
	0x0a, 0x00, 0x00, 0x00, 0x00, 0x00, 0x00, 0x00, 0x00, 0x00, 0x00, 0x00, 0x00, 0x00, 0x00, 0x00,
	0x47, 0xee, 0x01, 0x00, 0xfa, 0x00, 0x9a, 0x0e, 0xa4, 0x0e, 0xe5, 0x0e, 0xf0, 0x0e, 0xf4, 0x01,
	0xf0, 0x00, 0x07, 0x00, 0x05, 0x00, 0xf4, 0x01, 0x14, 0x00, 0xac, 0x0d, 0x28, 0x00, 0x02, 0x00,
	0xfa, 0x00, 0x00, 0x00, 0x00, 0x00, 0x00, 0x00, 0x04, 0x00, 0x00, 0x00, 0x00, 0x00, 0xfa, 0x00,
	0xf4, 0x01, 0x70, 0x17, 0xe2, 0x0e, 0x5a, 0x00, 0xfa, 0x00, 0x0a, 0x00, 0x32, 0x00, 0x69, 0x00,
	0xea, 0x0b, 0x28, 0x23, 0xa0, 0x0f, 0x96, 0x00, 0x64, 0x00, 0x96, 0x00, 0x64, 0x00, 0x50, 0x00,
	0x32, 0x00, 0x14, 0x00, 0xb0, 0x04, 0x20, 0x03, 0x58, 0x02, 0x0f, 0x00, 0xdc, 0x05, 0xf4, 0x01,
	0x96, 0x00, 0x00, 0x00, 0x9c, 0xff, 0x00, 0x00, 0x8c, 0x0a, 0x00, 0x00, 0x28, 0x00, 0x00, 0x00,
	0x19, 0x00, 0xf4, 0x01, 0x1e, 0x00, 0x64, 0x00, 0xf4, 0x01, 0xf4, 0x01, 0x20, 0x03, 0x00, 0x00,
	0xb8, 0x0b, 0x1c, 0x0c, 0x00, 0x00, 0x01, 0x00, 0xda, 0x11, 0x76, 0x11, 0x64, 0x00, 0x63, 0x00,
	0xb8, 0x0b, 0x1c, 0x0c, 0x06, 0x00, 0x08, 0x00, 0xda, 0x11, 0x76, 0x11, 0x64, 0x00, 0x63, 0x00,
	0x00, 0x00, 0x58, 0x02, 0x32, 0x00, 0x2c, 0x01, 0xf4, 0x01, 0xc8, 0x00, 0x64, 0x00, 0x0a, 0x00,
	0x78, 0x05, 0x32, 0x00, 0x05, 0x00, 0x0a, 0x00, 0x08, 0x07, 0xe0, 0x15, 0x01, 0x00, 0x70, 0x17,
	0x96, 0x00, 0x00, 0x00, 0x9c, 0xff, 0x1e, 0x00, 0x0f, 0x00, 0x05, 0x00, 0x05, 0x00, 0x05, 0x00,
	0x88, 0x13, 0xc8, 0x00, 0x00, 0x00, 0x00, 0x00, 0x00, 0x00, 0xde, 0x03, 0x00, 0x00, 0x00, 0x00,
	0xc8, 0x00, 0x50, 0x00, 0x1e, 0x00, 0x0a, 0x00, 0x0a, 0x00, 0x64, 0x00, 0x3c, 0x00, 0x50, 0x00,
	0x28, 0x00, 0x0b, 0x00, 0x5b, 0x00, 0x50, 0x00, 0x88, 0x13, 0x5c, 0x01, 0x88, 0x13, 0x5c, 0x01,
	0x14, 0x00, 0x64, 0x00, 0x58, 0x02, 0x26, 0x02, 0x90, 0x01, 0x00, 0x00, 0xce, 0xff, 0x9c, 0xff,
	0x6a, 0xff, 0xe8, 0x03, 0xe8, 0x03, 0xe8, 0x03, 0xe8, 0x03, 0xe8, 0x03, 0x32, 0x00, 0x32, 0x00,
	0x08, 0x07, 0x98, 0x08, 0x0a, 0x90, 0x01, 0x06, 0x00, 0x05, 0x0a, 0x14, 0xe0, 0x10, 0xf0, 0x0a,
	0x0a, 0x00, 0x1e, 0x60, 0x09, 0x0a, 0x0a, 0x1e, 0x0a, 0x00, 0x00, 0x00, 0x88, 0x13, 0x00, 0x00,
	0xda, 0x11, 0x12, 0x11, 0xc4, 0x09, 0x54, 0x0b, 0x3c, 0x37, 0xec, 0xf1, 0x01, 0x0a, 0x00, 0x00,
	0x00, 0x00, 0x00, 0x00, 0x00, 0x00, 0x00, 0x00, 0x00, 0x00, 0x00, 0x00, 0x00, 0x00, 0x00, 0x00,
	0xd0, 0x07, 0x64, 0x00, 0x09, 0x00, 0x05, 0x00, 0x14, 0x00, 0xcc, 0x10, 0x3c, 0x00, 0x3c, 0x00,
	0x00, 0x2f, 0x0d, 0x00, 0x10, 0x0e, 0x00, 0x01, 0x05, 0x0f, 0x05, 0x03, 0x05, 0x0a, 0x03, 0x00,
	0x0f, 0x00, 0x0a, 0x00, 0x64, 0x00, 0xc8, 0x00, 0x50, 0xc3, 0x3c, 0x00, 0x14, 0x00, 0x03, 0x00,
	0xe8, 0x03, 0x0a, 0x00, 0x00, 0x00, 0x00, 0x00, 0x00, 0x00, 0x00, 0x00, 0x00, 0x00, 0x00, 0x00,
	0x01, 0x48, 0xf4, 0x6a, 0xff, 0x32, 0x00, 0x5f, 0x03, 0x03, 0x2c, 0x01, 0x1e, 0x0a, 0x14, 0x58,
	0x02, 0x00, 0x00, 0x70, 0x17, 0x3c, 0x00, 0x48, 0xf4, 0x6a, 0xff, 0x05, 0x03, 0x03, 0x32, 0x00,
	0x00, 0x00, 0x00, 0x00, 0x00, 0x00, 0x00, 0x00, 0x00, 0x00, 0x00, 0x00, 0x00, 0x00, 0x00, 0x00,
	0x00, 0x00, 0x00, 0x00, 0x00, 0x00, 0x00, 0x00, 0x00, 0x00, 0x00, 0x00, 0x00, 0x00, 0x00, 0xbb,
	0x9c, 0xff, 0x00, 0x00, 0x32, 0x00, 0x64, 0x00, 0x96, 0x00, 0xc8, 0x00, 0x5e, 0x01, 0x90, 0x01,
	0xe0, 0x01, 0x58, 0x02, 0x0a, 0x00, 0x03, 0x00, 0x32, 0x00, 0x4b, 0x00, 0x01, 0x00, 0x00, 0x00,
	0xda, 0x11, 0xa8, 0x11, 0xa8, 0x11, 0xa8, 0x11, 0xa8, 0x11, 0xa8, 0x11, 0xa8, 0x11, 0x9e, 0x11,
	0x94, 0x11, 0xa8, 0x11, 0x34, 0x08, 0xb8, 0x0b, 0xe2, 0x0e, 0x68, 0x10, 0x00, 0x00, 0x00, 0x00,
	0xce, 0x01, 0xce, 0x01, 0x21, 0x01, 0x84, 0x04, 0x84, 0x04, 0x63, 0x03, 0xc6, 0x06, 0xc6, 0x06,
	0x84, 0x04, 0x18, 0x1b, 0x18, 0x1b, 0x94, 0x16, 0x18, 0x1b, 0x18, 0x1b, 0x18, 0x1b, 0x18, 0x1b,
	0x18, 0x1b, 0x18, 0x1b, 0x18, 0x1b, 0x18, 0x1b, 0x18, 0x1b, 0x18, 0x1b, 0x18, 0x1b, 0x18, 0x1b,
	0x4a, 0x0b, 0x4a, 0x0b, 0x00, 0x00, 0x5e, 0x01, 0x00, 0x00, 0x00, 0x00, 0x00, 0x00, 0x00, 0x00,
	0x64, 0x00, 0x2c, 0x01, 0x20, 0x03, 0x00, 0x00, 0x00, 0x00, 0x00, 0x00, 0x00, 0x14, 0x1e, 0x1e,
	0x00, 0x00, 0x00, 0x00, 0x00, 0x00, 0x00, 0x00, 0x00, 0x00, 0x00, 0x00, 0x00, 0x00, 0x00, 0x00,
	0x0a, 0x00, 0x0a, 0x00, 0x0a, 0x00, 0x0a, 0x00, 0x1e, 0x00, 0x1e, 0x00, 0x1e, 0x00, 0x1e, 0x00,
	0x32, 0x00, 0x32, 0x00, 0x32, 0x00, 0x32, 0x00, 0x78, 0x00, 0x78, 0x00, 0x78, 0x00, 0x78, 0x00,
	0xd6, 0x10, 0xfe, 0x10, 0x30, 0x11, 0x94, 0x11, 0x09, 0x01, 0xd3, 0x00, 0xb1, 0x00, 0x93, 0x00,
	0x75, 0x00, 0x78, 0x00, 0x78, 0x00, 0x78, 0x00, 0x78, 0x00, 0xd6, 0x10, 0xfe, 0x10, 0x30, 0x11,
	0x94, 0x11, 0x09, 0x01, 0xd3, 0x00, 0xb1, 0x00, 0x93, 0x00, 0x75, 0x00, 0x86, 0x01, 0x23, 0x00,
	0x93, 0x03, 0x28, 0x00, 0x78, 0x04, 0x28, 0x00, 0x7b, 0x06, 0x28, 0x00, 0xb7, 0x08, 0x28, 0x00,
	0x5f, 0x0a, 0x32, 0x00, 0x38, 0x22, 0x38, 0x22, 0x38, 0x22, 0x38, 0x22, 0x0a, 0x00, 0x50, 0x14,
	0x96, 0x00, 0x70, 0x44, 0x70, 0x44, 0x70, 0x44, 0x70, 0x44, 0x28, 0x00, 0x50, 0x14, 0x5e, 0x01,
	0xa8, 0x66, 0xa8, 0x66, 0xa8, 0x66, 0xa8, 0x66, 0x46, 0x00, 0x01, 0x0a, 0x00, 0x00, 0xf4, 0x01,
	0x68, 0x10, 0x2c, 0x01, 0x19, 0x00, 0xb8, 0x0b, 0x00, 0x00, 0x00, 0x00, 0x00, 0x00, 0x00, 0x00,
	0x64, 0x00, 0x64, 0x00, 0x30, 0x11, 0x0c, 0x00, 0x00, 0x00, 0x00, 0x00, 0x00, 0x00, 0x00, 0x00,
	0x00, 0x00, 0x00, 0x00, 0x00, 0x00, 0x00, 0x00, 0x00, 0x00, 0x00, 0x00, 0x00, 0x00, 0x00, 0x00,
	0x02, 0xb3, 0xa8, 0x5e, 0xa4, 0xc1, 0xa6, 0xdb, 0x6f, 0xbd, 0x1f, 0xd5, 0x76, 0x7c, 0x1a, 0x42,
	0x31, 0x4f, 0x37, 0xba, 0x7c, 0x94, 0x60, 0xc9, 0xed, 0x79, 0xa1, 0x2b, 0xb2, 0xb5, 0xd9, 0x9c,
	0x04, 0x10, 0x04, 0x10, 0x64, 0x00, 0x50, 0x00, 0x96, 0x00, 0x78, 0x00, 0x32, 0x00, 0x50, 0x00,
	0x32, 0x00, 0x50, 0x00, 0x0a, 0x00, 0x32, 0x00, 0x0a, 0x00, 0x14, 0x00, 0x0a, 0x00, 0x14, 0x00,
	0x03, 0x0f, 0x00, 0x00, 0xa8, 0xf7, 0x1b, 0x04, 0x40, 0x1f, 0xb8, 0x0b, 0x58, 0x02, 0x64, 0x00,
	0xc8, 0x00, 0x3c, 0x00, 0xc4, 0x09, 0x06, 0x07, 0x20, 0x4e, 0x98, 0x3a, 0x10, 0x27, 0x88, 0x13,
	0xb8, 0x0b, 0xd0, 0x07, 0xe8, 0x03, 0x20, 0x03, 0xf4, 0x01, 0xc8, 0x00, 0x64, 0x00, 0x50, 0x00,
	0x32, 0x00, 0x14, 0x00, 0x0a, 0x00, 0x08, 0x00, 0x05, 0x00, 0x03, 0x00, 0x02, 0x00, 0x01, 0x00,
	0x00, 0x00, 0x00, 0x00, 0x00, 0x00, 0x00, 0x00, 0x00, 0x00, 0x00, 0x00, 0x00, 0x00, 0x00, 0x00,
	0x00, 0x00, 0x00, 0x00, 0x00, 0x00, 0x00, 0x00, 0x00, 0x00, 0x00, 0x00, 0x00, 0x00, 0x00, 0x37,
	0x03, 0x96, 0x00, 0xc8, 0x00, 0x05, 0x9c, 0xff, 0x38, 0xff, 0x02, 0x38, 0xff, 0x02, 0x40, 0x7e,
	0x05, 0x00, 0x14, 0x00, 0x00, 0x00, 0x01, 0x00, 0x00, 0x01, 0x00, 0x00, 0x01, 0x00, 0x00, 0x01,
	0x32, 0x00, 0xc8, 0x00, 0x01, 0x01, 0x01, 0x01, 0x64, 0x00, 0x64, 0x00, 0x10, 0x0e, 0x00, 0x00,
	0x1c, 0x0c, 0x30, 0x00, 0x64, 0x00, 0x0a, 0x05, 0x0a, 0x14, 0x0a, 0x06, 0x00, 0x00, 0x00, 0x00,
	0xda, 0x11, 0xda, 0x11, 0xda, 0x11, 0xda, 0x11, 0xda, 0x11, 0xda, 0x11, 0xda, 0x11, 0xda, 0x11,
	0x64, 0x00, 0x2c, 0x01, 0xf4, 0x01, 0x20, 0x03, 0x00, 0x14, 0x1e, 0x1e, 0x1e, 0x02, 0x02, 0x02,
	0x02, 0x02, 0x32, 0x00, 0x32, 0x00, 0x32, 0x00, 0x32, 0x00, 0x32, 0x00, 0x0a, 0x00, 0x0a, 0x00,
	0x0a, 0x00, 0x0a, 0x00, 0x0a, 0x00, 0x0a, 0x00, 0xc8, 0x00, 0x64, 0x00, 0x10, 0x0e, 0x19, 0x00,
	0xaa, 0x55, 0x6e, 0x00, 0xbe, 0x0a, 0x14, 0x00, 0xfa, 0x00, 0x5e, 0x01, 0x90, 0x01, 0xc2, 0x01,
	0x58, 0x02, 0xbc, 0x02, 0x20, 0x03, 0x0a, 0x00, 0x0c, 0x00, 0x64, 0x00, 0x1e, 0x00, 0x1e, 0x00,
	0x01, 0x00, 0x00, 0x00, 0x00, 0x00, 0x00, 0x00, 0x00, 0x00, 0x00, 0x00, 0x00, 0x00, 0x08, 0x07,
	0x62, 0x00, 0x0a, 0x00, 0xe0, 0x01, 0x64, 0x00, 0xc8, 0x00, 0x38, 0xff, 0x58, 0x02, 0xd4, 0xfe,
	0x10, 0x0e, 0x1e, 0x00, 0x14, 0x00, 0x05, 0x00, 0xec, 0xff, 0x3c, 0x00, 0x5a, 0x00, 0x5f, 0x00,
	0x58, 0x02, 0xe0, 0x01, 0x58, 0x02, 0x08, 0x07, 0xa0, 0x8c, 0x0a, 0x00, 0xb0, 0xff, 0x05, 0x00,
	0x20, 0x03, 0x50, 0x00, 0x5a, 0x00, 0x0a, 0x00, 0x40, 0x0b, 0xdc, 0x0a, 0x03, 0x00, 0x0a, 0x00,
	0x50, 0x46, 0x02, 0x00, 0x01, 0x00, 0x00, 0x00, 0x00, 0x00, 0x00, 0x00, 0x00, 0x00, 0x00, 0x00,
	0xf4, 0x01, 0x05, 0x00, 0x02, 0x00, 0x64, 0x00, 0x20, 0x1c, 0xf4, 0x01, 0x32, 0x00, 0x00, 0x00,
	0x00, 0x00, 0x00, 0x00, 0x00, 0x00, 0x00, 0x00, 0x00, 0x00, 0x00, 0x00, 0x00, 0x00, 0x00, 0x00,
	0x32, 0x00, 0x4e, 0x0c, 0x0f, 0x00, 0x64, 0x00, 0x9c, 0xff, 0x58, 0x02, 0xf4, 0x01, 0x00, 0x00,
	0x00, 0x00, 0x00, 0x00, 0x00, 0x00, 0x00, 0x00, 0x00, 0x00, 0x00, 0x00, 0x00, 0x00, 0x00, 0x00,
	0x70, 0x17, 0xf4, 0x01, 0x1c, 0x0c, 0xe4, 0x0c, 0xac, 0x0d, 0x5e, 0x01, 0x96, 0x00, 0x64, 0x00,
	0xc8, 0x00, 0xc8, 0x00, 0x14, 0x00, 0x46, 0x00, 0x80, 0x0c, 0xe4, 0x0c, 0x48, 0x0d, 0x00, 0x00,
	0xf4, 0x01, 0x0c, 0xfe, 0xb8, 0x0b, 0x64, 0x00, 0x32, 0x00, 0x40, 0x06, 0x78, 0x00, 0x8c, 0x0a,
	0x8c, 0x0a, 0x64, 0x00, 0x64, 0x00, 0x64, 0x00, 0x90, 0x01, 0xb8, 0x0b, 0x00, 0x00, 0x00, 0x00,
	0x90, 0x01, 0x20, 0x03, 0xb0, 0x04, 0x80, 0x0c, 0xe4, 0x0c, 0x48, 0x0d, 0x10, 0x0e, 0x00, 0x00,
	0x00, 0x00, 0x00, 0x00, 0x00, 0x00, 0x00, 0x00, 0x00, 0x00, 0x00, 0x00, 0x00, 0x00, 0x00, 0x00,
	0xc8, 0x00, 0xfa, 0x00, 0x2c, 0x01, 0x5e, 0x01, 0x90, 0x01, 0xc2, 0x01, 0xdf, 0x01, 0x60, 0x09,
	0x94, 0x11, 0x2c, 0x01, 0x14, 0x19, 0x14, 0x1e, 0x9c, 0x32, 0x32, 0x14, 0x00, 0x00, 0x00, 0x00,
	0x24, 0x07, 0x00, 0x00, 0x97, 0xc6, 0x55, 0x07, 0x40, 0x1f, 0xb8, 0x0b, 0xc8, 0x00, 0x20, 0x4e,
	0xe8, 0x03, 0x3c, 0x00, 0x64, 0x00, 0x14, 0x00, 0x5f, 0x00, 0x05, 0x00, 0x96, 0x00, 0x32, 0x00,
	0x00, 0x00, 0x00, 0x00, 0x00, 0x00, 0x00, 0x00, 0x00, 0x00, 0x00, 0x00, 0x00, 0x00, 0x00, 0x00,
	0x00, 0x00, 0x00, 0x00, 0x00, 0x00, 0x00, 0x00, 0x00, 0x00, 0x00, 0x00, 0x00, 0x00, 0x00, 0xf8,
	0xff, 0xff, 0x00, 0x00, 0x00, 0x34, 0x00, 0x00, 0x00, 0x8c, 0x01, 0x00, 0x11, 0x83, 0x00, 0x00,
	0x00, 0x00, 0x00, 0x00, 0x00, 0x00, 0x00, 0x00, 0x00, 0x00, 0x00, 0x00, 0x00, 0x00, 0x00, 0x00,
	0xaa, 0x55, 0x00, 0xff, 0xaa, 0x55, 0x00, 0xff, 0x00, 0x00, 0x00, 0x00, 0x00, 0x00, 0x00, 0x00,
	0x00, 0x00, 0x00, 0x00, 0x00, 0x00, 0x00, 0x00, 0x00, 0x00, 0x00, 0x00, 0x00, 0x00, 0x00, 0x00,
	0x00, 0x00, 0x00, 0x00, 0x00, 0x00, 0x00, 0x00, 0x00, 0x00, 0x00, 0x00, 0x00, 0x00, 0x00, 0x00,
	0x00, 0x00, 0x00, 0x00, 0x00, 0x00, 0x00, 0x00, 0x00, 0x00, 0x00, 0x00, 0x00, 0x00, 0x00, 0x00,
	0x00, 0x00, 0x00, 0x00, 0x00, 0x00, 0x00, 0x00, 0x00, 0x00, 0x00, 0x00, 0x00, 0x00, 0x00, 0x00,
	0x00, 0x00, 0x00, 0x00, 0x00, 0x00, 0x00, 0x00, 0x00, 0x00, 0x00, 0x00, 0x00, 0x00, 0x00, 0x00,
	0x00, 0x00, 0x00, 0x00, 0x00, 0x00, 0x00, 0x00, 0x00, 0x00, 0x00, 0x00, 0x00, 0x00, 0x00, 0x00,
	0x00, 0x00, 0x00, 0x00, 0x00, 0x00, 0x00, 0x00, 0x00, 0x00, 0x00, 0x00, 0x00, 0x00, 0x00, 0x00,
	0x00, 0x00, 0x00, 0x00, 0x00, 0x00, 0x00, 0x00, 0x00, 0x00, 0x00, 0x00, 0x00, 0x00, 0x00, 0x00,
	0x00, 0x00, 0x00, 0x00, 0x00, 0x00, 0x00, 0x00, 0x00, 0x00, 0x00, 0x00, 0x00, 0x00, 0x00, 0x00,
	0x00, 0x00, 0x00, 0x00, 0x00, 0x00, 0x00, 0x00, 0x00, 0x00, 0x00, 0x00, 0x00, 0x00, 0x00, 0x00,
	0x00, 0x00, 0x00, 0x00, 0x00, 0x00, 0x00, 0x00, 0x00, 0x00, 0x00, 0x00, 0x00, 0x00, 0x00, 0x00,
	0x00, 0x00, 0x00, 0x00, 0x00, 0x00, 0x00, 0x00, 0x00, 0x00, 0x00, 0x00, 0x00, 0x00, 0x00, 0x00,
	0x00, 0x00, 0x00, 0x00, 0x00, 0x00, 0x00, 0x00, 0x00, 0x00, 0x00, 0x00, 0x00, 0x00, 0x00, 0x00,
	0x00, 0x00, 0x00, 0x00, 0x00, 0x00, 0x00, 0x00, 0x00, 0x00, 0x00, 0x00, 0x00, 0x00, 0x00, 0x00,
	0x00, 0x00, 0x00, 0x00, 0x00, 0x00, 0x00, 0x00, 0x00, 0x00, 0x00, 0x00, 0x00, 0x00, 0x00, 0x00,
	0x00, 0x00, 0x00, 0x00, 0x00, 0x00, 0x00, 0x00, 0x00, 0x00, 0x00, 0x00, 0x00, 0x00, 0x00, 0x00,
	0x00, 0x00, 0x00, 0x00, 0x00, 0x00, 0x00, 0x00, 0x00, 0x00, 0x00, 0x00, 0x00, 0x00, 0x00, 0x00,
	0x00, 0x00, 0x00, 0x00, 0x00, 0x00, 0x00, 0x00, 0x00, 0x00, 0x00, 0x00, 0x00, 0x00, 0x00, 0x00,
	0x00, 0x00, 0x00, 0x00, 0x00, 0x00, 0x00, 0x00, 0x00, 0x00, 0x00, 0x00, 0x00, 0x00, 0x00, 0x00,
	0x00, 0x00, 0x00, 0x00, 0x00, 0x00, 0x00, 0x00, 0x00, 0x00, 0x00, 0x00, 0x00, 0x00, 0x00, 0x00,
	0x00, 0x00, 0x00, 0x00, 0x00, 0x00, 0x00, 0x00, 0x00, 0x00, 0x00, 0x00, 0x00, 0x00, 0x00, 0x00,
	0x00, 0x00, 0x00, 0x00, 0x00, 0x00, 0x00, 0x00, 0x00, 0x00, 0x00, 0x00, 0x00, 0x00, 0x00, 0x00,
	0x00, 0x00, 0x00, 0x00, 0x00, 0x00, 0x00, 0x00, 0x00, 0x00, 0x00, 0x00, 0x00, 0x00, 0x00, 0x00,
	0x00, 0x00, 0x00, 0x00, 0x00, 0x00, 0x00, 0x00, 0x00, 0x00, 0x00, 0x00, 0x00, 0x00, 0x00, 0x00,
	0x00, 0x00, 0x00, 0x00, 0x00, 0x00, 0x00, 0x00, 0x00, 0x00, 0x00, 0x00, 0x00, 0x00, 0x00, 0x00,
	0x00, 0x00, 0x00, 0x00, 0x00, 0x00, 0x00, 0x00, 0x00, 0x00, 0x00, 0x00, 0x00, 0x00, 0x00, 0x00,
	0x00, 0x00, 0x00, 0x00, 0x00, 0x00, 0x00, 0x00, 0x00, 0x00, 0x00, 0x00, 0x00, 0x00, 0x00, 0x00,
	0x00, 0x00, 0x00, 0x00, 0x00, 0x00, 0x00, 0x00, 0x00, 0x00, 0x00, 0x00, 0x00, 0x00, 0x00, 0x00,
	0x00, 0x00, 0x00, 0x00, 0x00, 0x00, 0x00, 0x00, 0x00, 0x00, 0x00, 0x00, 0x00, 0x00, 0x00, 0x00,
	0xf0, 0x1d, 0x00, 0x20, 0x75, 0x41, 0x00, 0x00, 0xdd, 0xf0, 0x00, 0x00, 0x69, 0xd1, 0x00, 0x00,
	0x00, 0x00, 0x00, 0x00, 0x00, 0x00, 0x00, 0x00, 0x00, 0x00, 0x00, 0x00, 0x00, 0x00, 0x00, 0x00,
	0x00, 0x00, 0x00, 0x00, 0x00, 0x00, 0x00, 0x00, 0x00, 0x00, 0x00, 0x00, 0x99, 0x19, 0x01, 0x00,
	0x00, 0x00, 0x00, 0x00, 0x00, 0x00, 0x00, 0x00, 0x3d, 0xf6, 0x00, 0x00, 0xc9, 0x2a, 0x01, 0x00,
	0x29, 0x96, 0x00, 0x00, 0xc5, 0xdb, 0x00, 0x00, 0x95, 0x45, 0x00, 0x00, 0xcd, 0x92, 0x00, 0x00,
	0xa9, 0x88, 0x00, 0x00, 0x7d, 0xd7, 0x00, 0x00, 0xfd, 0x4c, 0x01, 0x00, 0x31, 0xcd, 0x00, 0x00,
	0xed, 0x42, 0x00, 0x00, 0x5d, 0x72, 0x00, 0x00, 0x00, 0x00, 0x00, 0x00, 0x00, 0x00, 0x00, 0x00,
	0x00, 0x00, 0x00, 0x00, 0x00, 0x00, 0x00, 0x00, 0x00, 0x00, 0x00, 0x00, 0x00, 0x00, 0x00, 0x00,
	0x00, 0x00, 0x00, 0x00, 0x00, 0x00, 0x00, 0x00, 0x00, 0x00, 0x00, 0x00, 0x00, 0x00, 0x00, 0x00,
	0x00, 0x00, 0x00, 0x00, 0x00, 0x00, 0x00, 0x00, 0x00, 0x00, 0x00, 0x00, 0x00, 0x00, 0x00, 0x00,
	0x00, 0x00, 0x00, 0x00, 0x00, 0x00, 0x00, 0x00, 0x00, 0x00, 0x00, 0x00, 0x00, 0x00, 0x00, 0x00,
	0x00, 0x00, 0x00, 0x00, 0x00, 0x00, 0x00, 0x00, 0x00, 0x00, 0x00, 0x00, 0x00, 0x00, 0x00, 0x00,
	0x03, 0x48, 0x85, 0x46, 0x00, 0xf0, 0x18, 0xfd, 0x00, 0x48, 0x00, 0x47, 0x4d, 0x73, 0x01, 0x00,
	0xf0, 0x1d, 0x00, 0x20, 0x30, 0xb5, 0x0b, 0x46, 0x01, 0x46, 0x00, 0x20, 0x20, 0x22, 0x01, 0x24,
	0x09, 0xe0, 0x0d, 0x46, 0xd5, 0x40, 0x9d, 0x42, 0x05, 0xd3, 0x1d, 0x46, 0x95, 0x40, 0x49, 0x1b,
	0x25, 0x46, 0x95, 0x40, 0x40, 0x19, 0x15, 0x46, 0x52, 0x1e, 0x00, 0x2d, 0xf1, 0xdc, 0x30, 0xbd,
	0x70, 0xb5, 0x00, 0x24, 0x25, 0x46, 0x00, 0x28, 0x01, 0xda, 0x01, 0x24, 0x40, 0x42, 0x00, 0x29,
	0x01, 0xda, 0x01, 0x25, 0x49, 0x42, 0xff, 0xf7, 0xdd, 0xff, 0xac, 0x42, 0x00, 0xd0, 0x40, 0x42,
	0x00, 0x2c, 0x00, 0xd0, 0x49, 0x42, 0x70, 0xbd, 0xf0, 0xb5, 0x1f, 0xb4, 0x06, 0x46, 0x00, 0x20,
	0x82, 0xb0, 0x05, 0x46, 0x40, 0x24, 0x01, 0x91, 0x00, 0x90, 0x1b, 0xe0, 0x01, 0x99, 0x22, 0x46,
	0x0f, 0x46, 0x30, 0x46, 0x00, 0xf0, 0x93, 0xf8, 0x04, 0x9a, 0x05, 0x9b, 0x80, 0x1a, 0x99, 0x41,
	0x10, 0xd3, 0x10, 0x46, 0x19, 0x46, 0x22, 0x46, 0x00, 0xf0, 0x79, 0xf8, 0x36, 0x1a, 0x8f, 0x41,
	0x01, 0x97, 0x22, 0x46, 0x01, 0x20, 0x00, 0x21, 0x00, 0x9f, 0x00, 0xf0, 0x70, 0xf8, 0x38, 0x18,
	0x4d, 0x41, 0x00, 0x90, 0x20, 0x46, 0x64, 0x1e, 0x00, 0x28, 0xdf, 0xdc, 0x01, 0x9b, 0x00, 0x98,
	0x29, 0x46, 0x32, 0x46, 0x07, 0xb0, 0xf0, 0xbd, 0xf8, 0xb5, 0x00, 0x24, 0x25, 0x46, 0x00, 0x29,
	0x04, 0xda, 0x0e, 0x46, 0x01, 0x24, 0x00, 0x21, 0x40, 0x42, 0xb1, 0x41, 0x00, 0x2b, 0x04, 0xda,
	0x1e, 0x46, 0x00, 0x23, 0x52, 0x42, 0x01, 0x25, 0xb3, 0x41, 0xff, 0xf7, 0xbd, 0xff, 0x8c, 0x46,
	0x17, 0x46, 0x1e, 0x46, 0xac, 0x42, 0x03, 0xd0, 0x00, 0x25, 0x40, 0x42, 0x8d, 0x41, 0xac, 0x46,
	0x00, 0x2c, 0x02, 0xd0, 0x00, 0x26, 0x57, 0x42, 0x9e, 0x41, 0x61, 0x46, 0x3a, 0x46, 0x33, 0x46,
	0x01, 0xb0, 0xf0, 0xbd, 0xf0, 0xb5, 0x1f, 0xb4, 0x86, 0xb0, 0x00, 0x20, 0x00, 0x90, 0x01, 0x90,
	0x02, 0x90, 0x06, 0x98, 0x06, 0x99, 0x80, 0xb2, 0x04, 0x90, 0x07, 0x98, 0x09, 0x0c, 0x02, 0x04,
	0x00, 0x14, 0x11, 0x43, 0x07, 0x90, 0x00, 0x27, 0x08, 0x9d, 0x09, 0x98, 0x06, 0x91, 0x3e, 0x46,
	0x41, 0x7a, 0x02, 0x7a, 0x08, 0x02, 0x10, 0x43, 0x01, 0xd0, 0x0a, 0xf0, 0x2f, 0xfd, 0x20, 0x88,
	0x40, 0x06, 0x0c, 0xd5, 0x02, 0xf0, 0xa8, 0xf8, 0x09, 0xf0, 0xc4, 0xf8, 0x08, 0x48, 0x81, 0x7b,
	0x01, 0x29, 0x05, 0xd0, 0x00, 0x7c, 0x01, 0x28, 0x01, 0xd1, 0x08, 0xf0, 0x41, 0xfb, 0x10, 0xbd,
	0x09, 0xf0, 0xf4, 0xf8, 0x10, 0xbd, 0x00, 0x00, 0x3c, 0x05, 0x00, 0x20, 0xa0, 0xe5, 0x01, 0x00,
	0xe8, 0x08, 0x00, 0x20, 0x10, 0xb5, 0x01, 0x21, 0x88, 0x02, 0x05, 0xf0, 0x0b, 0xf8, 0x00, 0xf0,
	0x3f, 0xf8, 0x00, 0xf0, 0x1b, 0xf8, 0xff, 0x20, 0x80, 0x02, 0x00, 0xf0, 0x33, 0xf8, 0x01, 0x20,
	0x00, 0xf0, 0x24, 0xf8, 0x01, 0x20, 0x00, 0xf0, 0x03, 0xf8, 0x00, 0xf0, 0x17, 0xf8, 0x10, 0xbd,
	0x05, 0x49, 0x01, 0x28, 0x88, 0x68, 0x03, 0xd0, 0x40, 0x08, 0x40, 0x00, 0x88, 0x60, 0x70, 0x47,
	0x01, 0x22, 0x10, 0x43, 0xfa, 0xe7, 0x00, 0x00, 0x00, 0x40, 0x00, 0x40, 0x00, 0x20, 0x02, 0x49,
	0xc0, 0x43, 0xc8, 0x60, 0x70, 0x47, 0x00, 0x00, 0x00, 0x40, 0x00, 0x40, 0x02, 0x49, 0x01, 0x48,
	0x08, 0x60, 0x70, 0x47, 0x78, 0x56, 0x34, 0x12, 0x00, 0x4c, 0x00, 0x40, 0x04, 0x49, 0x04, 0x22,
	0x01, 0x28, 0x88, 0x68, 0x02, 0xd0, 0x90, 0x43, 0x88, 0x60, 0x70, 0x47, 0x10, 0x43, 0xfb, 0xe7,
	0x00, 0x40, 0x00, 0x40, 0x01, 0x49, 0x08, 0x60, 0xff, 0x20, 0x70, 0x47, 0x00, 0x40, 0x00, 0x40,
	0x02, 0x49, 0x01, 0x48, 0x08, 0x60, 0x70, 0x47, 0x51, 0xe5, 0xcc, 0x1a, 0x00, 0x4c, 0x00, 0x40,
	0xf8, 0xb5, 0x01, 0x24, 0x52, 0x1e, 0x01, 0xe0, 0x64, 0x1c, 0x24, 0xb2, 0x65, 0x00, 0x45, 0x5f,
	0x9d, 0x42, 0x01, 0xda, 0x94, 0x42, 0xf7, 0xdb, 0x62, 0x00, 0x54, 0x18, 0x40, 0x3c, 0x3e, 0x25,
	0x8e, 0x5a, 0x65, 0x5f, 0x71, 0x1b, 0x0e, 0xb2, 0x11, 0x18, 0x40, 0x39, 0xcf, 0x8f, 0x80, 0x5a,
	0xd9, 0x1b, 0xc0, 0x1b, 0x02, 0xb2, 0x09, 0xb2, 0x00, 0x2a, 0x06, 0xd0, 0x30, 0x46, 0xf6, 0xf7,
	0xeb, 0xfd, 0xe1, 0x8f, 0x40, 0x18, 0x00, 0xb2, 0xf8, 0xbd, 0x28, 0x46, 0xf8, 0xbd, 0x00, 0x00,
	0x70, 0xb5, 0x16, 0x46, 0x0a, 0x46, 0x00, 0x24, 0x9b, 0x1e, 0x04, 0x99, 0x01, 0xe0, 0x64, 0x1c,
	0x24, 0xb2, 0xa5, 0x00, 0x45, 0x59, 0x8d, 0x42, 0x01, 0xd2, 0x9c, 0x42, 0xf7, 0xdb, 0x33, 0x46,
	0x63, 0x43, 0x9a, 0x18, 0x15, 0xb2, 0xa4, 0x00, 0x02, 0x59, 0x20, 0x18, 0x40, 0x68, 0x8b, 0x1a,
	0x82, 0x1a, 0x04, 0xd0, 0x31, 0x46, 0x18, 0x46, 0xf6, 0xf7, 0xc6, 0xfd, 0x45, 0x19, 0x04, 0x48,
	0x85, 0x42, 0x02, 0xdb, 0x40, 0x0c, 0x85, 0x42, 0x00, 0xdd, 0x05, 0x46, 0x28, 0xb2, 0x70, 0xbd,
	0x00, 0x80, 0xff, 0xff, 0x72, 0xb6, 0x70, 0x47, 0x62, 0xb6, 0x70, 0x47, 0x10, 0xb5, 0x01, 0x21,
	0x02, 0x20, 0x04, 0xf0, 0x67, 0xff, 0x0a, 0x4c, 0x20, 0x46, 0x05, 0xf0, 0x3f, 0xf9, 0x3f, 0x21,
	0x20, 0x46, 0x05, 0xf0, 0x2d, 0xf9, 0xff, 0x21, 0x20, 0x46, 0x05, 0xf0, 0x4b, 0xf9, 0x03, 0x21,
	0x20, 0x46, 0x05, 0xf0, 0x13, 0xf9, 0x01, 0x21, 0x20, 0x46, 0x05, 0xf0, 0xcf, 0xf8, 0x10, 0xbd,
	0x00, 0x08, 0x00, 0x40, 0x70, 0xb5, 0x2d, 0x4e, 0x30, 0x46, 0x05, 0xf0, 0x03, 0xf9, 0x00, 0x28,
	0x52, 0xd0, 0x0a, 0xf0, 0xef, 0xf9, 0x2a, 0x4d, 0xe8, 0x78, 0x29, 0x79, 0x88, 0x42, 0x48, 0xd9,
	0xff, 0xf7, 0xd0, 0xfb, 0x27, 0x48, 0x00, 0x24, 0x04, 0x73, 0x01, 0xf0, 0x28, 0xfd, 0x26, 0x48,
	0x41, 0x69, 0x49, 0x1c, 0x41, 0x61, 0x25, 0x48, 0x01, 0x68, 0x49, 0x1c, 0x01, 0x60, 0x28, 0x78,
	0xfc, 0x08, 0x40, 0x00, 0x16, 0x12, 0x00, 0x02, 0x12, 0x00, 0x40, 0x00, 0x0b, 0x00, 0xb8, 0x0b,
	0x17, 0x00, 0x7a, 0x00, 0x02, 0x00, 0xf4, 0x01, 0x02, 0x00, 0xf4, 0x01, 0x4b, 0x00, 0x00, 0x00,
	0xc4, 0x09, 0xfc, 0x08, 0x4e, 0x11, 0xc8, 0x00, 0x38, 0xff, 0x38, 0xff, 0x01, 0x01, 0x46, 0x14,
	0x1e, 0x00, 0x00, 0x00, 0x00, 0x00, 0x00, 0x00, 0x00, 0x00, 0x00, 0x00, 0x00, 0x00, 0x00, 0x00,
	0x06, 0x01, 0xba, 0x09, 0xc4, 0x09, 0x01, 0x01, 0x02, 0x12, 0x02, 0x12, 0x02, 0x12, 0x02, 0x12,
	0x02, 0x12, 0x02, 0x12, 0x02, 0x12, 0x02, 0x12, 0x02, 0x12, 0x3a, 0x11, 0x3a, 0x11, 0x3a, 0x11,
	0x3a, 0x11, 0x3a, 0x11, 0x3a, 0x11, 0x3a, 0x11, 0x3a, 0x11, 0x3a, 0x11, 0x02, 0x00, 0x01, 0x0f,
	0xc0, 0x5d, 0xc8, 0x00, 0x04, 0x0a, 0xfc, 0xd6, 0x38, 0xff, 0x05, 0x00, 0xbc, 0x02, 0x58, 0x02,
	0x05, 0x02, 0x02, 0x00, 0xbc, 0x02, 0x58, 0x02, 0x88, 0xff, 0x9c, 0xff, 0x24, 0xff, 0x6a, 0xff,
	0x08, 0x07, 0xd0, 0x07, 0x08, 0x07, 0x02, 0x00, 0x30, 0x2a, 0xc4, 0x09, 0xe8, 0x03, 0x05, 0x00,
	0x02, 0x02, 0x20, 0x03, 0x8a, 0x02, 0xa2, 0xfe, 0x38, 0xff, 0x00, 0x00, 0x00, 0x00, 0x00, 0x00,
	0x00, 0x00, 0x00, 0x00, 0x00, 0x00, 0x00, 0x00, 0x00, 0x00, 0x00, 0x00, 0x00, 0x00, 0x00, 0x00,
	0x20, 0x11, 0x00, 0x00, 0x00, 0x40, 0x03, 0x3c, 0x00, 0x0a, 0xd0, 0x07, 0xdc, 0x05, 0x00, 0x00,
	0x00, 0x00, 0x00, 0x00, 0x00, 0x00, 0x5f, 0x5a, 0x55, 0x50, 0x3c, 0x1e, 0x05, 0x00, 0x00, 0x00,
	0x43, 0x67, 0xc8, 0x00, 0x0a, 0x00, 0x05, 0x00, 0x07, 0x00, 0x09, 0x00, 0x32, 0x00, 0x96, 0x00,
	0x32, 0x00, 0x0a, 0x00, 0xc8, 0x00, 0x64, 0x00, 0x05, 0x00, 0x2c, 0x01, 0x50, 0x00, 0x55, 0x00,
	0x5a, 0x00, 0x86, 0x0b, 0xb8, 0x0b, 0xea, 0x0b, 0x03, 0x00, 0x2c, 0x01, 0xf4, 0x01, 0x20, 0x03,
	0xea, 0x0b, 0xb8, 0x0b, 0x86, 0x0b, 0xce, 0xff, 0x32, 0x00, 0x96, 0x00, 0x86, 0x0b, 0xb8, 0x0b,
	0xea, 0x0b, 0x0a, 0x00, 0x14, 0x00, 0xfa, 0x00, 0xea, 0x0b, 0xb2, 0x0c, 0x0c, 0x0d, 0x88, 0x13,
	0x5e, 0x01, 0xc2, 0x01, 0x00, 0x00, 0x22, 0x0b, 0x64, 0x00, 0xc8, 0x00, 0x2c, 0x01, 0xb8, 0x0b,
	0x1c, 0x0c, 0x80, 0x0c, 0xe4, 0x0c, 0x02, 0x00, 0x02, 0x00, 0x64, 0x00, 0x2c, 0x01, 0x20, 0x03,
	0x00, 0x00, 0x00, 0x00, 0x00, 0x00, 0x00, 0x00, 0x14, 0x1e, 0x28, 0x3c, 0x14, 0x1e, 0x28, 0x3c,
	0x00, 0x00, 0x00, 0x00, 0xc8, 0x00, 0x32, 0x00, 0xc8, 0x00, 0x30, 0x2a, 0xf4, 0x01, 0x00, 0x00,
	0x32, 0x00, 0xc8, 0x00, 0x32, 0x00, 0xdc, 0x00, 0x64, 0x00, 0x2c, 0x01, 0xf0, 0x0f, 0x54, 0x10,
	0xd0, 0x07, 0xc8, 0x00, 0x3c, 0x00, 0xb8, 0x0b, 0x10, 0x0e, 0x00, 0x00, 0xf0, 0x0a, 0x10, 0x0e,
	0x00, 0x00, 0x64, 0x00, 0xba, 0xff, 0x46, 0x00, 0x32, 0x00, 0x0a, 0x00, 0x08, 0x07, 0x00, 0x00,
	0x52, 0x02, 0x00, 0x00, 0x84, 0xf3, 0x00, 0x00, 0x82, 0x60, 0x21, 0x00, 0x4c, 0x04, 0x34, 0x00,
	0x30, 0x00, 0x50, 0x00, 0x46, 0x00, 0xc2, 0x01, 0xc8, 0x00, 0x40, 0x06, 0x78, 0x05, 0x32, 0x00,
	0xc8, 0x00, 0x00, 0x00, 0x1e, 0x00, 0x5f, 0x00, 0x60, 0x03, 0xe0, 0x10, 0x50, 0x46, 0x60, 0x09,
	0xc0, 0x03, 0x68, 0x01, 0x48, 0x00, 0x3c, 0x00, 0x05, 0x0f, 0x00, 0x00, 0x00, 0x00, 0x00, 0x00,
	0x00, 0x00, 0x00, 0x00, 0x00, 0x00, 0x00, 0x00, 0x00, 0x00, 0x00, 0x00, 0x00, 0x00, 0x00, 0x00,
	0x00, 0x00, 0x00, 0x00, 0x00, 0x00, 0x00, 0x00, 0x00, 0x00, 0x00, 0x00, 0x00, 0x00, 0x00, 0x68,
	0xfa, 0x00, 0x78, 0x00, 0x64, 0x00, 0x05, 0x00, 0x3c, 0x00, 0xd0, 0x07, 0x32, 0x00, 0x00, 0x00,
	0x0a, 0x00, 0x00, 0x00, 0x00, 0x00, 0x00, 0x00, 0x00, 0x00, 0x00, 0x00, 0x00, 0x00, 0x00, 0x00,
	0x47, 0xee, 0x01, 0x00, 0xfa, 0x00, 0x90, 0x0e, 0x9f, 0x0e, 0x52, 0x0f, 0x62, 0x0f, 0xf4, 0x01,
	0xf0, 0x00, 0x07, 0x00, 0x05, 0x00, 0xf4, 0x01, 0x14, 0x00, 0xac, 0x0d, 0x28, 0x00, 0x02, 0x00,
	0xfa, 0x00, 0x00, 0x00, 0x00, 0x00, 0x00, 0x00, 0x04, 0x00, 0x00, 0x00, 0x00, 0x00, 0xfa, 0x00,
	0xf4, 0x01, 0x22, 0x15, 0x6a, 0x0e, 0x5a, 0x00, 0xfa, 0x00, 0x0a, 0x00, 0x32, 0x00, 0x75, 0x00,
	0xea, 0x0b, 0x28, 0x23, 0xa0, 0x0f, 0x96, 0x00, 0x64, 0x00, 0x96, 0x00, 0x64, 0x00, 0x50, 0x00,
	0x32, 0x00, 0x14, 0x00, 0xb0, 0x04, 0x20, 0x03, 0x58, 0x02, 0x0f, 0x00, 0xdc, 0x05, 0xf4, 0x01,
	0x96, 0x00, 0x00, 0x00, 0x9c, 0xff, 0x00, 0x00, 0x8c, 0x0a, 0x00, 0x00, 0x28, 0x00, 0x00, 0x00,
	0x19, 0x00, 0xf4, 0x01, 0x1e, 0x00, 0x64, 0x00, 0xf4, 0x01, 0xf4, 0x01, 0x20, 0x03, 0x00, 0x00,
	0xb8, 0x0b, 0x1c, 0x0c, 0x00, 0x00, 0x01, 0x00, 0x76, 0x11, 0x12, 0x11, 0x64, 0x00, 0x63, 0x00,
	0xb8, 0x0b, 0x1c, 0x0c, 0x06, 0x00, 0x08, 0x00, 0x76, 0x11, 0x12, 0x11, 0x64, 0x00, 0x63, 0x00,
	0x00, 0x00, 0x58, 0x02, 0x32, 0x00, 0x2c, 0x01, 0xf4, 0x01, 0xc8, 0x00, 0x64, 0x00, 0x0a, 0x00,
	0x78, 0x05, 0x32, 0x00, 0x05, 0x00, 0x0a, 0x00, 0x08, 0x07, 0x1e, 0x14, 0x01, 0x00, 0x70, 0x17,
	0x96, 0x00, 0x00, 0x00, 0x9c, 0xff, 0x1e, 0x00, 0x0f, 0x00, 0x05, 0x00, 0x05, 0x00, 0x05, 0x00,
	0x88, 0x13, 0xc8, 0x00, 0x00, 0x00, 0x00, 0x00, 0x00, 0x00, 0xde, 0x03, 0x00, 0x00, 0x00, 0x00,
	0xc8, 0x00, 0x50, 0x00, 0x1e, 0x00, 0x0a, 0x00, 0x0a, 0x00, 0x64, 0x00, 0x3c, 0x00, 0x50, 0x00,
	0x28, 0x00, 0x0b, 0x00, 0x5b, 0x00, 0x50, 0x00, 0x88, 0x13, 0x5c, 0x01, 0x88, 0x13, 0x5c, 0x01,
	0x14, 0x00, 0x64, 0x00, 0x58, 0x02, 0x26, 0x02, 0x90, 0x01, 0x00, 0x00, 0xce, 0xff, 0x9c, 0xff,
	0x6a, 0xff, 0xe8, 0x03, 0xe8, 0x03, 0xe8, 0x03, 0xe8, 0x03, 0xe8, 0x03, 0x32, 0x00, 0x32, 0x00,
	0x08, 0x07, 0x98, 0x08, 0x0a, 0x90, 0x01, 0x06, 0x00, 0x05, 0x0a, 0x14, 0xe0, 0x10, 0xf0, 0x0a,
	0x0a, 0x00, 0x1e, 0x60, 0x09, 0x0a, 0x0a, 0x1e, 0x0a, 0x00, 0x00, 0x00, 0x88, 0x13, 0x00, 0x00,
	0x76, 0x11, 0xae, 0x10, 0xc4, 0x09, 0x54, 0x0b, 0x3c, 0x37, 0xec, 0xf1, 0x01, 0x0a, 0x00, 0x00,
	0x00, 0x00, 0x00, 0x00, 0x00, 0x00, 0x00, 0x00, 0x00, 0x00, 0x00, 0x00, 0x00, 0x00, 0x00, 0x00,
	0xd0, 0x07, 0x64, 0x00, 0x09, 0x00, 0x05, 0x00, 0x14, 0x00, 0xcc, 0x10, 0x3c, 0x00, 0x3c, 0x00,
	0x00, 0x2f, 0x0d, 0x00, 0x10, 0x0e, 0x00, 0x01, 0x05, 0x0f, 0x05, 0x03, 0x05, 0x0a, 0x03, 0x00,
	0x0f, 0x00, 0x0a, 0x00, 0x64, 0x00, 0xc8, 0x00, 0x50, 0xc3, 0x3c, 0x00, 0x14, 0x00, 0x03, 0x00,
	0xe8, 0x03, 0x0a, 0x00, 0x00, 0x00, 0x00, 0x00, 0x00, 0x00, 0x00, 0x00, 0x00, 0x00, 0x00, 0x00,
	0x01, 0x48, 0xf4, 0x6a, 0xff, 0x32, 0x00, 0x5f, 0x03, 0x03, 0x2c, 0x01, 0x1e, 0x0a, 0x14, 0x58,
	0x02, 0x00, 0x00, 0x70, 0x17, 0x3c, 0x00, 0x48, 0xf4, 0x6a, 0xff, 0x05, 0x03, 0x03, 0x32, 0x00,
	0x00, 0x00, 0x00, 0x00, 0x00, 0x00, 0x00, 0x00, 0x00, 0x00, 0x00, 0x00, 0x00, 0x00, 0x00, 0x00,
	0x00, 0x00, 0x00, 0x00, 0x00, 0x00, 0x00, 0x00, 0x00, 0x00, 0x00, 0x00, 0x00, 0x00, 0x00, 0xe5,
	0x9c, 0xff, 0x00, 0x00, 0x32, 0x00, 0x64, 0x00, 0x96, 0x00, 0xc8, 0x00, 0x5e, 0x01, 0x90, 0x01,
	0xe0, 0x01, 0x58, 0x02, 0x0a, 0x00, 0x03, 0x00, 0x32, 0x00, 0x4b, 0x00, 0x01, 0x00, 0x00, 0x00,
	0x76, 0x11, 0x44, 0x11, 0x44, 0x11, 0x44, 0x11, 0x44, 0x11, 0x44, 0x11, 0x44, 0x11, 0x3a, 0x11,
	0x30, 0x11, 0x44, 0x11, 0x34, 0x08, 0xb8, 0x0b, 0x6a, 0x0e, 0x68, 0x10, 0x00, 0x00, 0x00, 0x00,
	0x9f, 0x01, 0x9f, 0x01, 0x03, 0x01, 0x22, 0x04, 0x22, 0x04, 0x0a, 0x03, 0x15, 0x06, 0x15, 0x06,
	0x22, 0x04, 0x54, 0x18, 0x54, 0x18, 0x46, 0x14, 0x54, 0x18, 0x54, 0x18, 0x54, 0x18, 0x54, 0x18,
	0x54, 0x18, 0x54, 0x18, 0x54, 0x18, 0x54, 0x18, 0x54, 0x18, 0x54, 0x18, 0x54, 0x18, 0x54, 0x18,
	0x23, 0x0a, 0x23, 0x0a, 0x00, 0x00, 0x5e, 0x01, 0x00, 0x00, 0x00, 0x00, 0x00, 0x00, 0x00, 0x00,
	0x64, 0x00, 0x2c, 0x01, 0x20, 0x03, 0x00, 0x00, 0x00, 0x00, 0x00, 0x00, 0x00, 0x14, 0x1e, 0x1e,
	0x00, 0x00, 0x00, 0x00, 0x00, 0x00, 0x00, 0x00, 0x00, 0x00, 0x00, 0x00, 0x00, 0x00, 0x00, 0x00,
	0x0a, 0x00, 0x0a, 0x00, 0x0a, 0x00, 0x0a, 0x00, 0x1e, 0x00, 0x1e, 0x00, 0x1e, 0x00, 0x1e, 0x00,
	0x32, 0x00, 0x32, 0x00, 0x32, 0x00, 0x32, 0x00, 0x78, 0x00, 0x78, 0x00, 0x78, 0x00, 0x78, 0x00,
	0xd6, 0x10, 0xfe, 0x10, 0x1c, 0x11, 0x44, 0x11, 0x09, 0x01, 0xd3, 0x00, 0xb1, 0x00, 0x93, 0x00,
	0x75, 0x00, 0x78, 0x00, 0x78, 0x00, 0x78, 0x00, 0x78, 0x00, 0xd6, 0x10, 0xfe, 0x10, 0x1c, 0x11,
	0x44, 0x11, 0x09, 0x01, 0xd3, 0x00, 0xb1, 0x00, 0x93, 0x00, 0x75, 0x00, 0x5e, 0x01, 0x23, 0x00,
	0x36, 0x03, 0x28, 0x00, 0x04, 0x04, 0x28, 0x00, 0x9f, 0x05, 0x28, 0x00, 0xa1, 0x07, 0x28, 0x00,
	0x5f, 0x0a, 0x32, 0x00, 0x38, 0x22, 0x38, 0x22, 0x38, 0x22, 0x38, 0x22, 0x0a, 0x00, 0x50, 0x14,
	0x96, 0x00, 0x70, 0x44, 0x70, 0x44, 0x70, 0x44, 0x70, 0x44, 0x28, 0x00, 0x50, 0x14, 0x5e, 0x01,
	0xa8, 0x66, 0xa8, 0x66, 0xa8, 0x66, 0xa8, 0x66, 0x46, 0x00, 0x01, 0x0a, 0x00, 0x00, 0xf4, 0x01,
	0x68, 0x10, 0x2c, 0x01, 0x19, 0x00, 0xb8, 0x0b, 0x00, 0x00, 0x00, 0x00, 0x00, 0x00, 0x00, 0x00,
	0x64, 0x00, 0x64, 0x00, 0x30, 0x11, 0x0c, 0x00, 0x00, 0x00, 0x00, 0x00, 0x00, 0x00, 0x00, 0x00,
	0x00, 0x00, 0x00, 0x00, 0x00, 0x00, 0x00, 0x00, 0x00, 0x00, 0x00, 0x00, 0x00, 0x00, 0x00, 0x00,
	0x02, 0xb3, 0xa8, 0x5e, 0xa4, 0xc1, 0xa6, 0xdb, 0x6f, 0xbd, 0x1f, 0xd5, 0x76, 0x7c, 0x1a, 0x42,
	0x31, 0x4f, 0x37, 0xba, 0x7c, 0x94, 0x60, 0xc9, 0xed, 0x79, 0xa1, 0x2b, 0xb2, 0xb5, 0xd9, 0x9c,
	0x04, 0x10, 0x04, 0x10, 0x64, 0x00, 0x50, 0x00, 0x96, 0x00, 0x78, 0x00, 0x32, 0x00, 0x50, 0x00,
	0x32, 0x00, 0x50, 0x00, 0x0a, 0x00, 0x32, 0x00, 0x0a, 0x00, 0x14, 0x00, 0x0a, 0x00, 0x14, 0x00,
	0x03, 0x0f, 0x00, 0x00, 0xa8, 0xf7, 0x1b, 0x04, 0x40, 0x1f, 0xb8, 0x0b, 0x58, 0x02, 0x64, 0x00,
	0xc8, 0x00, 0x3c, 0x00, 0xc4, 0x09, 0x06, 0x07, 0x20, 0x4e, 0x98, 0x3a, 0x10, 0x27, 0x88, 0x13,
	0xb8, 0x0b, 0xd0, 0x07, 0xe8, 0x03, 0x20, 0x03, 0xf4, 0x01, 0xc8, 0x00, 0x64, 0x00, 0x50, 0x00,
	0x32, 0x00, 0x14, 0x00, 0x0a, 0x00, 0x08, 0x00, 0x05, 0x00, 0x03, 0x00, 0x02, 0x00, 0x01, 0x00,
	0x00, 0x00, 0x00, 0x00, 0x00, 0x00, 0x00, 0x00, 0x00, 0x00, 0x00, 0x00, 0x00, 0x00, 0x00, 0x00,
	0x00, 0x00, 0x00, 0x00, 0x00, 0x00, 0x00, 0x00, 0x00, 0x00, 0x00, 0x00, 0x00, 0x00, 0x00, 0x51,
	0x03, 0x96, 0x00, 0xc8, 0x00, 0x05, 0x9c, 0xff, 0x38, 0xff, 0x02, 0x38, 0xff, 0x02, 0x40, 0x7e,
	0x05, 0x00, 0x14, 0x00, 0x00, 0x00, 0x01, 0x00, 0x00, 0x01, 0x00, 0x00, 0x01, 0x00, 0x00, 0x01,
	0x32, 0x00, 0xc8, 0x00, 0x01, 0x01, 0x01, 0x01, 0x64, 0x00, 0x64, 0x00, 0x10, 0x0e, 0x00, 0x00,
	0x1c, 0x0c, 0x30, 0x00, 0x64, 0x00, 0x0a, 0x05, 0x0a, 0x14, 0x0a, 0x06, 0x00, 0x00, 0x00, 0x00,
	0x76, 0x11, 0x76, 0x11, 0x76, 0x11, 0x76, 0x11, 0x76, 0x11, 0x76, 0x11, 0x76, 0x11, 0x76, 0x11,
	0x64, 0x00, 0x2c, 0x01, 0xf4, 0x01, 0x20, 0x03, 0x00, 0x14, 0x1e, 0x1e, 0x1e, 0x02, 0x02, 0x02,
	0x02, 0x02, 0x32, 0x00, 0x32, 0x00, 0x32, 0x00, 0x32, 0x00, 0x32, 0x00, 0x0a, 0x00, 0x0a, 0x00,
	0x0a, 0x00, 0x0a, 0x00, 0x0a, 0x00, 0x0a, 0x00, 0xc8, 0x00, 0x64, 0x00, 0x10, 0x0e, 0x19, 0x00,
	0xaa, 0x55, 0x6e, 0x00, 0x2e, 0x09, 0x14, 0x00, 0xfa, 0x00, 0x5e, 0x01, 0x90, 0x01, 0xc2, 0x01,
	0x58, 0x02, 0xbc, 0x02, 0x20, 0x03, 0x0a, 0x00, 0x0c, 0x00, 0x64, 0x00, 0x1e, 0x00, 0x1e, 0x00,
	0x01, 0x00, 0x00, 0x00, 0x00, 0x00, 0x00, 0x00, 0x00, 0x00, 0x00, 0x00, 0x00, 0x00, 0x08, 0x07,
	0x62, 0x00, 0x0a, 0x00, 0xe0, 0x01, 0x64, 0x00, 0xc8, 0x00, 0x38, 0xff, 0x58, 0x02, 0xd4, 0xfe,
	0x10, 0x0e, 0x1e, 0x00, 0x14, 0x00, 0x05, 0x00, 0xec, 0xff, 0x3c, 0x00, 0x5a, 0x00, 0x5f, 0x00,
	0x58, 0x02, 0xe0, 0x01, 0x58, 0x02, 0x08, 0x07, 0xa0, 0x8c, 0x0a, 0x00, 0xb0, 0xff, 0x05, 0x00,
	0x20, 0x03, 0x50, 0x00, 0x5a, 0x00, 0x0a, 0x00, 0x40, 0x0b, 0xdc, 0x0a, 0x03, 0x00, 0x0a, 0x00,
	0x50, 0x46, 0x02, 0x00, 0x01, 0x00, 0x00, 0x00, 0x00, 0x00, 0x00, 0x00, 0x00, 0x00, 0x00, 0x00,
	0xf4, 0x01, 0x05, 0x00, 0x02, 0x00, 0x64, 0x00, 0x20, 0x1c, 0xf4, 0x01, 0x32, 0x00, 0x00, 0x00,
	0x00, 0x00, 0x00, 0x00, 0x00, 0x00, 0x00, 0x00, 0x00, 0x00, 0x00, 0x00, 0x00, 0x00, 0x00, 0x00,
	0x32, 0x00, 0x4e, 0x0c, 0x0f, 0x00, 0x64, 0x00, 0x9c, 0xff, 0x58, 0x02, 0xf4, 0x01, 0x00, 0x00,
	0x00, 0x00, 0x00, 0x00, 0x00, 0x00, 0x00, 0x00, 0x00, 0x00, 0x00, 0x00, 0x00, 0x00, 0x00, 0x00,
	0x70, 0x17, 0xf4, 0x01, 0x1c, 0x0c, 0xe4, 0x0c, 0xac, 0x0d, 0x5e, 0x01, 0x96, 0x00, 0x64, 0x00,
	0xc8, 0x00, 0xc8, 0x00, 0x14, 0x00, 0x46, 0x00, 0x80, 0x0c, 0xe4, 0x0c, 0x48, 0x0d, 0x00, 0x00,
	0xf4, 0x01, 0x0c, 0xfe, 0xb8, 0x0b, 0x64, 0x00, 0x32, 0x00, 0x40, 0x06, 0x78, 0x00, 0x8c, 0x0a,
	0x8c, 0x0a, 0x64, 0x00, 0x64, 0x00, 0x64, 0x00, 0x90, 0x01, 0xb8, 0x0b, 0x00, 0x00, 0x00, 0x00,
	0x90, 0x01, 0x20, 0x03, 0xb0, 0x04, 0x80, 0x0c, 0xe4, 0x0c, 0x48, 0x0d, 0x10, 0x0e, 0x00, 0x00,
	0x00, 0x00, 0x00, 0x00, 0x00, 0x00, 0x00, 0x00, 0x00, 0x00, 0x00, 0x00, 0x00, 0x00, 0x00, 0x00,
	0xc8, 0x00, 0xfa, 0x00, 0x2c, 0x01, 0x5e, 0x01, 0x90, 0x01, 0xc2, 0x01, 0xdf, 0x01, 0xfc, 0x08,
	0x30, 0x11, 0x0e, 0x01, 0x14, 0x19, 0x14, 0x1e, 0x9c, 0x32, 0x32, 0x14, 0x00, 0x00, 0x00, 0x00,
	0x24, 0x07, 0x00, 0x00, 0x97, 0xc6, 0x55, 0x07, 0x40, 0x1f, 0xb8, 0x0b, 0xc8, 0x00, 0x20, 0x4e,
	0xe8, 0x03, 0x3c, 0x00, 0x64, 0x00, 0x14, 0x00, 0x5f, 0x00, 0x05, 0x00, 0x96, 0x00, 0x32, 0x00,
	0x00, 0x00, 0x00, 0x00, 0x00, 0x00, 0x00, 0x00, 0x00, 0x00, 0x00, 0x00, 0x00, 0x00, 0x00, 0x00,
	0x00, 0x00, 0x00, 0x00, 0x00, 0x00, 0x00, 0x00, 0x00, 0x00, 0x00, 0x00, 0x00, 0x00, 0x00, 0x76,
	0xff, 0xff, 0x00, 0x00, 0x00, 0x34, 0x00, 0x00, 0x00, 0x8c, 0x01, 0x00, 0x11, 0x83, 0x00, 0x00,
	0x00, 0x00, 0x00, 0x00, 0x00, 0x00, 0x00, 0x00, 0x00, 0x00, 0x00, 0x00, 0x00, 0x00, 0x00, 0x00,
	0xaa, 0x55, 0x00, 0xff, 0xaa, 0x55, 0x00, 0xff, 0x00, 0x00, 0x00, 0x00, 0x00, 0x00, 0x00, 0x00,
	0x00, 0x00, 0x00, 0x00, 0x00, 0x00, 0x00, 0x00, 0x00, 0x00, 0x00, 0x00, 0x00, 0x00, 0x00, 0x00,
	0x00, 0x00, 0x00, 0x00, 0x00, 0x00, 0x00, 0x00, 0x00, 0x00, 0x00, 0x00, 0x00, 0x00, 0x00, 0x00,
	0x00, 0x00, 0x00, 0x00, 0x00, 0x00, 0x00, 0x00, 0x00, 0x00, 0x00, 0x00, 0x00, 0x00, 0x00, 0x00,
	0x00, 0x00, 0x00, 0x00, 0x00, 0x00, 0x00, 0x00, 0x00, 0x00, 0x00, 0x00, 0x00, 0x00, 0x00, 0x00,
	0x00, 0x00, 0x00, 0x00, 0x00, 0x00, 0x00, 0x00, 0x00, 0x00, 0x00, 0x00, 0x00, 0x00, 0x00, 0x00,
	0x00, 0x00, 0x00, 0x00, 0x00, 0x00, 0x00, 0x00, 0x00, 0x00, 0x00, 0x00, 0x00, 0x00, 0x00, 0x00,
	0x00, 0x00, 0x00, 0x00, 0x00, 0x00, 0x00, 0x00, 0x00, 0x00, 0x00, 0x00, 0x00, 0x00, 0x00, 0x00,
	0x00, 0x00, 0x00, 0x00, 0x00, 0x00, 0x00, 0x00, 0x00, 0x00, 0x00, 0x00, 0x00, 0x00, 0x00, 0x00,
	0x00, 0x00, 0x00, 0x00, 0x00, 0x00, 0x00, 0x00, 0x00, 0x00, 0x00, 0x00, 0x00, 0x00, 0x00, 0x00,
	0x00, 0x00, 0x00, 0x00, 0x00, 0x00, 0x00, 0x00, 0x00, 0x00, 0x00, 0x00, 0x00, 0x00, 0x00, 0x00,
	0x00, 0x00, 0x00, 0x00, 0x00, 0x00, 0x00, 0x00, 0x00, 0x00, 0x00, 0x00, 0x00, 0x00, 0x00, 0x00,
	0x00, 0x00, 0x00, 0x00, 0x00, 0x00, 0x00, 0x00, 0x00, 0x00, 0x00, 0x00, 0x00, 0x00, 0x00, 0x00,
	0x00, 0x00, 0x00, 0x00, 0x00, 0x00, 0x00, 0x00, 0x00, 0x00, 0x00, 0x00, 0x00, 0x00, 0x00, 0x00,
	0x00, 0x00, 0x00, 0x00, 0x00, 0x00, 0x00, 0x00, 0x00, 0x00, 0x00, 0x00, 0x00, 0x00, 0x00, 0x00,
	0x00, 0x00, 0x00, 0x00, 0x00, 0x00, 0x00, 0x00, 0x00, 0x00, 0x00, 0x00, 0x00, 0x00, 0x00, 0x00,
	0x00, 0x00, 0x00, 0x00, 0x00, 0x00, 0x00, 0x00, 0x00, 0x00, 0x00, 0x00, 0x00, 0x00, 0x00, 0x00,
	0x00, 0x00, 0x00, 0x00, 0x00, 0x00, 0x00, 0x00, 0x00, 0x00, 0x00, 0x00, 0x00, 0x00, 0x00, 0x00,
	0x00, 0x00, 0x00, 0x00, 0x00, 0x00, 0x00, 0x00, 0x00, 0x00, 0x00, 0x00, 0x00, 0x00, 0x00, 0x00,
	0x00, 0x00, 0x00, 0x00, 0x00, 0x00, 0x00, 0x00, 0x00, 0x00, 0x00, 0x00, 0x00, 0x00, 0x00, 0x00,
	0x00, 0x00, 0x00, 0x00, 0x00, 0x00, 0x00, 0x00, 0x00, 0x00, 0x00, 0x00, 0x00, 0x00, 0x00, 0x00,
	0x00, 0x00, 0x00, 0x00, 0x00, 0x00, 0x00, 0x00, 0x00, 0x00, 0x00, 0x00, 0x00, 0x00, 0x00, 0x00,
	0x00, 0x00, 0x00, 0x00, 0x00, 0x00, 0x00, 0x00, 0x00, 0x00, 0x00, 0x00, 0x00, 0x00, 0x00, 0x00,
	0x00, 0x00, 0x00, 0x00, 0x00, 0x00, 0x00, 0x00, 0x00, 0x00, 0x00, 0x00, 0x00, 0x00, 0x00, 0x00,
	0x00, 0x00, 0x00, 0x00, 0x00, 0x00, 0x00, 0x00, 0x00, 0x00, 0x00, 0x00, 0x00, 0x00, 0x00, 0x00,
	0x00, 0x00, 0x00, 0x00, 0x00, 0x00, 0x00, 0x00, 0x00, 0x00, 0x00, 0x00, 0x00, 0x00, 0x00, 0x00,
	0x00, 0x00, 0x00, 0x00, 0x00, 0x00, 0x00, 0x00, 0x00, 0x00, 0x00, 0x00, 0x00, 0x00, 0x00, 0x00,
	0x00, 0x00, 0x00, 0x00, 0x00, 0x00, 0x00, 0x00, 0x00, 0x00, 0x00, 0x00, 0x00, 0x00, 0x00, 0x00,
	0x00, 0x00, 0x00, 0x00, 0x00, 0x00, 0x00, 0x00, 0x00, 0x00, 0x00, 0x00, 0x00, 0x00, 0x00, 0x00,
	0x00, 0x00, 0x00, 0x00, 0x00, 0x00, 0x00, 0x00, 0x00, 0x00, 0x00, 0x00, 0x00, 0x00, 0x00, 0x00,
	0xc8, 0x1d, 0x00, 0x20, 0x75, 0x41, 0x00, 0x00, 0x15, 0xf0, 0x00, 0x00, 0xad, 0xd0, 0x00, 0x00,
	0x00, 0x00, 0x00, 0x00, 0x00, 0x00, 0x00, 0x00, 0x00, 0x00, 0x00, 0x00, 0x00, 0x00, 0x00, 0x00,
	0x00, 0x00, 0x00, 0x00, 0x00, 0x00, 0x00, 0x00, 0x00, 0x00, 0x00, 0x00, 0xa1, 0x18, 0x01, 0x00,
	0x00, 0x00, 0x00, 0x00, 0x00, 0x00, 0x00, 0x00, 0x75, 0xf5, 0x00, 0x00, 0xbd, 0x29, 0x01, 0x00,
	0x95, 0x95, 0x00, 0x00, 0x09, 0xdb, 0x00, 0x00, 0x79, 0x45, 0x00, 0x00, 0x39, 0x92, 0x00, 0x00,
	0x35, 0x88, 0x00, 0x00, 0xc1, 0xd6, 0x00, 0x00, 0xe5, 0x4b, 0x01, 0x00, 0x75, 0xcc, 0x00, 0x00,
	0xed, 0x42, 0x00, 0x00, 0x1d, 0x72, 0x00, 0x00, 0x00, 0x00, 0x00, 0x00, 0x00, 0x00, 0x00, 0x00,
	0x00, 0x00, 0x00, 0x00, 0x00, 0x00, 0x00, 0x00, 0x00, 0x00, 0x00, 0x00, 0x00, 0x00, 0x00, 0x00,
	0x00, 0x00, 0x00, 0x00, 0x00, 0x00, 0x00, 0x00, 0x00, 0x00, 0x00, 0x00, 0x00, 0x00, 0x00, 0x00,
	0x00, 0x00, 0x00, 0x00, 0x00, 0x00, 0x00, 0x00, 0x00, 0x00, 0x00, 0x00, 0x00, 0x00, 0x00, 0x00,
	0x00, 0x00, 0x00, 0x00, 0x00, 0x00, 0x00, 0x00, 0x00, 0x00, 0x00, 0x00, 0x00, 0x00, 0x00, 0x00,
	0x00, 0x00, 0x00, 0x00, 0x00, 0x00, 0x00, 0x00, 0x00, 0x00, 0x00, 0x00, 0x00, 0x00, 0x00, 0x00,
	0x03, 0x48, 0x85, 0x46, 0x00, 0xf0, 0x18, 0xfd, 0x00, 0x48, 0x00, 0x47, 0xa1, 0x71, 0x01, 0x00,
	0xc8, 0x1d, 0x00, 0x20, 0x30, 0xb5, 0x0b, 0x46, 0x01, 0x46, 0x00, 0x20, 0x20, 0x22, 0x01, 0x24,
	0x09, 0xe0, 0x0d, 0x46, 0xd5, 0x40, 0x9d, 0x42, 0x05, 0xd3, 0x1d, 0x46, 0x95, 0x40, 0x49, 0x1b,
	0x25, 0x46, 0x95, 0x40, 0x40, 0x19, 0x15, 0x46, 0x52, 0x1e, 0x00, 0x2d, 0xf1, 0xdc, 0x30, 0xbd,
	0x70, 0xb5, 0x00, 0x24, 0x25, 0x46, 0x00, 0x28, 0x01, 0xda, 0x01, 0x24, 0x40, 0x42, 0x00, 0x29,
	0x01, 0xda, 0x01, 0x25, 0x49, 0x42, 0xff, 0xf7, 0xdd, 0xff, 0xac, 0x42, 0x00, 0xd0, 0x40, 0x42,
	0x00, 0x2c, 0x00, 0xd0, 0x49, 0x42, 0x70, 0xbd, 0xf0, 0xb5, 0x1f, 0xb4, 0x06, 0x46, 0x00, 0x20,
	0x82, 0xb0, 0x05, 0x46, 0x40, 0x24, 0x01, 0x91, 0x00, 0x90, 0x1b, 0xe0, 0x01, 0x99, 0x22, 0x46,
	0x0f, 0x46, 0x30, 0x46, 0x00, 0xf0, 0x93, 0xf8, 0x04, 0x9a, 0x05, 0x9b, 0x80, 0x1a, 0x99, 0x41,
	0x10, 0xd3, 0x10, 0x46, 0x19, 0x46, 0x22, 0x46, 0x00, 0xf0, 0x79, 0xf8, 0x36, 0x1a, 0x8f, 0x41,
	0x01, 0x97, 0x22, 0x46, 0x01, 0x20, 0x00, 0x21, 0x00, 0x9f, 0x00, 0xf0, 0x70, 0xf8, 0x38, 0x18,
	0x4d, 0x41, 0x00, 0x90, 0x20, 0x46, 0x64, 0x1e, 0x00, 0x28, 0xdf, 0xdc, 0x01, 0x9b, 0x00, 0x98,
	0x29, 0x46, 0x32, 0x46, 0x07, 0xb0, 0xf0, 0xbd, 0xf8, 0xb5, 0x00, 0x24, 0x25, 0x46, 0x00, 0x29,
	0x04, 0xda, 0x0e, 0x46, 0x01, 0x24, 0x00, 0x21, 0x40, 0x42, 0xb1, 0x41, 0x00, 0x2b, 0x04, 0xda,
	0x1e, 0x46, 0x00, 0x23, 0x52, 0x42, 0x01, 0x25, 0xb3, 0x41, 0xff, 0xf7, 0xbd, 0xff, 0x8c, 0x46,
	0x17, 0x46, 0x1e, 0x46, 0xac, 0x42, 0x03, 0xd0, 0x00, 0x25, 0x40, 0x42, 0x8d, 0x41, 0xac, 0x46,
	0x00, 0x2c, 0x02, 0xd0, 0x00, 0x26, 0x57, 0x42, 0x9e, 0x41, 0x61, 0x46, 0x3a, 0x46, 0x33, 0x46,
	0x01, 0xb0, 0xf0, 0xbd, 0xf0, 0xb5, 0x1f, 0xb4, 0x86, 0xb0, 0x00, 0x20, 0x00, 0x90, 0x01, 0x90,
	0x02, 0x90, 0x06, 0x98, 0x06, 0x99, 0x80, 0xb2, 0x04, 0x90, 0x07, 0x98, 0x09, 0x0c, 0x02, 0x04,
	0x00, 0x14, 0x11, 0x43, 0x07, 0x90, 0x00, 0x27, 0x08, 0x9d, 0x09, 0x98, 0x06, 0x91, 0x3e, 0x46,
	0x20, 0x3a, 0xd2, 0x7f, 0x2a, 0x76, 0x40, 0x1e, 0x02, 0xe0, 0x42, 0x78, 0x2a, 0x76, 0x40, 0x1c,
	0x49, 0x1c, 0x68, 0x61, 0x69, 0x72, 0x23, 0x62, 0x04, 0x20, 0xcc, 0xe7, 0x83, 0x06, 0x01, 0xd5,
	0x20, 0x20, 0xc8, 0xe7, 0x83, 0x07, 0x37, 0xd5, 0x00, 0x98, 0xc0, 0x07, 0x12, 0xd0, 0x80, 0x2a,
	0x10, 0xd1, 0x5d, 0x22, 0x60, 0x46, 0xd2, 0x43, 0x80, 0x5c, 0x20, 0x28, 0x0a, 0xd1, 0x20, 0x69,
	0x00, 0x0a, 0x01, 0x28, 0x06, 0xd1, 0x32, 0x68, 0xc0, 0x03, 0x02, 0x43, 0x32, 0x60, 0x3a, 0x68,
	0x82, 0x43, 0x3a, 0x60, 0x02, 0x29, 0x05, 0xd3, 0x01, 0xf0, 0x9c, 0xfe, 0x02, 0xf0, 0x7c, 0xfc,
	0x07, 0xf0, 0x66, 0xfa, 0x28, 0x68, 0x10, 0x21, 0x88, 0x43, 0x20, 0x22, 0x90, 0x43, 0x28, 0x60,
	0x30, 0x68, 0x40, 0x00, 0x40, 0x08, 0x30, 0x60, 0x38, 0x68, 0xca, 0x06, 0x10, 0x43, 0x38, 0x60,
	0xe0, 0x68, 0x04, 0x22, 0x90, 0x43, 0xe0, 0x60, 0xe0, 0x68, 0x88, 0x43, 0xe0, 0x60, 0x02, 0x20,
	0x60, 0x61, 0x80, 0x20, 0x60, 0x61, 0x20, 0xe0, 0x01, 0x06, 0x0e, 0xd5, 0x09, 0xf0, 0x50, 0xfa,
	0x00, 0xf0, 0x2a, 0xf8, 0x30, 0x68, 0x40, 0x00, 0x40, 0x08, 0x30, 0x60, 0x38, 0x68, 0x01, 0x21,
	0xc9, 0x07, 0x08, 0x43, 0x38, 0x60, 0x80, 0x20, 0x7d, 0xe7, 0x40, 0x06, 0x00, 0xd4, 0x7b, 0xe7,
	0x09, 0xf0, 0x3e, 0xfa, 0x00, 0xf0, 0x18, 0xf8, 0x30, 0x68, 0x40, 0x00, 0x40, 0x08, 0x30, 0x60,
	0x38, 0x68, 0x01, 0x21, 0xc9, 0x07, 0x08, 0x43, 0x38, 0x60, 0x40, 0x20, 0x6b, 0xe7, 0x00, 0x00,
	0x00, 0x70, 0x00, 0x40, 0xe0, 0xe0, 0x01, 0x00, 0x7c, 0x09, 0x00, 0x20, 0xcc, 0x05, 0x00, 0x20,
	0x40, 0x02, 0x00, 0x20, 0x47, 0x07, 0x00, 0x20, 0x0e, 0xb5, 0x01, 0x21, 0x08, 0x02, 0x05, 0xf0,
	0x2b, 0xf8, 0x00, 0x23, 0x68, 0x46, 0x0b, 0x49, 0x03, 0x71, 0x88, 0x7e, 0xc9, 0x7e, 0x41, 0x18,
	0xff, 0x29, 0x05, 0xd1, 0xc1, 0x07, 0x03, 0xd1, 0x00, 0x28, 0x01, 0xd0, 0x40, 0x08, 0x00, 0xe0,
	0x55, 0x20, 0x00, 0x90, 0x68, 0x46, 0x43, 0x71, 0xe3, 0x22, 0x01, 0x99, 0x00, 0x98, 0x09, 0xf0,
	0xc7, 0xf9, 0x0e, 0xbd, 0xe0, 0xe0, 0x01, 0x00, 0x10, 0xb5, 0x10, 0x4c, 0x20, 0x88, 0x40, 0x06,
	0x07, 0xd5, 0x0f, 0x48, 0x41, 0x7a, 0x02, 0x7a, 0x08, 0x02, 0x10, 0x43, 0x01, 0xd0, 0x0a, 0xf0,
	0x59, 0xfc, 0x20, 0x88, 0x40, 0x06, 0x0c, 0xd5, 0x02, 0xf0, 0xa2, 0xf8, 0x09, 0xf0, 0x4c, 0xf8,
	0x08, 0x48, 0x81, 0x7b, 0x01, 0x29, 0x05, 0xd0, 0x00, 0x7c, 0x01, 0x28, 0x01, 0xd1, 0x08, 0xf0,
	0x13, 0xfb, 0x10, 0xbd, 0x09, 0xf0, 0x7c, 0xf8, 0x10, 0xbd, 0x00, 0x00, 0x0c, 0x05, 0x00, 0x20,
	0xa0, 0xe5, 0x01, 0x00, 0xb8, 0x08, 0x00, 0x20, 0x10, 0xb5, 0x01, 0x21, 0x88, 0x02, 0x04, 0xf0,
	0xe3, 0xff, 0x00, 0xf0, 0x3f, 0xf8, 0x00, 0xf0, 0x1b, 0xf8, 0xff, 0x20, 0x80, 0x02, 0x00, 0xf0,
	0x33, 0xf8, 0x01, 0x20, 0x00, 0xf0, 0x24, 0xf8, 0x01, 0x20, 0x00, 0xf0, 0x03, 0xf8, 0x00, 0xf0,
	0x17, 0xf8, 0x10, 0xbd, 0x05, 0x49, 0x01, 0x28, 0x88, 0x68, 0x03, 0xd0, 0x40, 0x08, 0x40, 0x00,
	0x88, 0x60, 0x70, 0x47, 0x01, 0x22, 0x10, 0x43, 0xfa, 0xe7, 0x00, 0x00, 0x00, 0x40, 0x00, 0x40,
	0x00, 0x20, 0x02, 0x49, 0xc0, 0x43, 0xc8, 0x60, 0x70, 0x47, 0x00, 0x00, 0x00, 0x40, 0x00, 0x40,
	0x02, 0x49, 0x01, 0x48, 0x08, 0x60, 0x70, 0x47, 0x78, 0x56, 0x34, 0x12, 0x00, 0x4c, 0x00, 0x40,
	0x04, 0x49, 0x04, 0x22, 0x01, 0x28, 0x88, 0x68, 0x02, 0xd0, 0x90, 0x43, 0x88, 0x60, 0x70, 0x47,
	0xfc, 0x08, 0x40, 0x00, 0x16, 0x12, 0x00, 0x02, 0x12, 0x00, 0x40, 0x00, 0x0b, 0x00, 0xb8, 0x0b,
	0x17, 0x00, 0x7a, 0x00, 0x02, 0x00, 0xf4, 0x01, 0x02, 0x00, 0xf4, 0x01, 0x4b, 0x00, 0x00, 0x00,
	0xc4, 0x09, 0xfc, 0x08, 0x4e, 0x11, 0xc8, 0x00, 0x38, 0xff, 0x38, 0xff, 0x01, 0x01, 0x46, 0x14,
	0x1e, 0x00, 0x00, 0x00, 0x00, 0x00, 0x00, 0x00, 0x00, 0x00, 0x00, 0x00, 0x00, 0x00, 0x00, 0x00,
	0x06, 0x01, 0xba, 0x09, 0xc4, 0x09, 0x01, 0x01, 0x02, 0x12, 0x02, 0x12, 0x02, 0x12, 0x02, 0x12,
	0x02, 0x12, 0x02, 0x12, 0x02, 0x12, 0x02, 0x12, 0x02, 0x12, 0x3a, 0x11, 0x3a, 0x11, 0x3a, 0x11,
	0x3a, 0x11, 0x3a, 0x11, 0x3a, 0x11, 0x3a, 0x11, 0x3a, 0x11, 0x3a, 0x11, 0x02, 0x00, 0x01, 0x0f,
	0xc0, 0x5d, 0xc8, 0x00, 0x04, 0x0a, 0xfc, 0xd6, 0x38, 0xff, 0x05, 0x00, 0xbc, 0x02, 0x58, 0x02,
	0x05, 0x02, 0x02, 0x00, 0xbc, 0x02, 0x58, 0x02, 0x88, 0xff, 0x9c, 0xff, 0x24, 0xff, 0x6a, 0xff,
	0x08, 0x07, 0xd0, 0x07, 0x08, 0x07, 0x02, 0x00, 0x30, 0x2a, 0xc4, 0x09, 0xe8, 0x03, 0x05, 0x00,
	0x02, 0x02, 0x20, 0x03, 0x8a, 0x02, 0xa2, 0xfe, 0x38, 0xff, 0x00, 0x00, 0x00, 0x00, 0x00, 0x00,
	0x00, 0x00, 0x00, 0x00, 0x00, 0x00, 0x00, 0x00, 0x00, 0x00, 0x00, 0x00, 0x00, 0x00, 0x00, 0x00,
	0x20, 0x11, 0x00, 0x00, 0x00, 0x40, 0x03, 0x3c, 0x00, 0x0a, 0xd0, 0x07, 0xdc, 0x05, 0x00, 0x00,
	0x00, 0x00, 0x00, 0x00, 0x00, 0x00, 0x5f, 0x5a, 0x55, 0x50, 0x3c, 0x1e, 0x05, 0x00, 0x00, 0x00,
	0x43, 0x67, 0xc8, 0x00, 0x0a, 0x00, 0x05, 0x00, 0x07, 0x00, 0x09, 0x00, 0x32, 0x00, 0x96, 0x00,
	0x32, 0x00, 0x0a, 0x00, 0xc8, 0x00, 0x64, 0x00, 0x05, 0x00, 0x2c, 0x01, 0x50, 0x00, 0x55, 0x00,
	0x5a, 0x00, 0x86, 0x0b, 0xb8, 0x0b, 0xea, 0x0b, 0x03, 0x00, 0x2c, 0x01, 0xf4, 0x01, 0x20, 0x03,
	0x86, 0x0b, 0xb8, 0x0b, 0xea, 0x0b, 0xce, 0xff, 0x32, 0x00, 0x96, 0x00, 0x86, 0x0b, 0xb8, 0x0b,
	0xea, 0x0b, 0x0a, 0x00, 0x14, 0x00, 0xfa, 0x00, 0x86, 0x0b, 0x4e, 0x0c, 0x0c, 0x0d, 0x88, 0x13,
	0x5e, 0x01, 0xc2, 0x01, 0x00, 0x00, 0x22, 0x0b, 0x64, 0x00, 0xc8, 0x00, 0x2c, 0x01, 0xb8, 0x0b,
	0x1c, 0x0c, 0x80, 0x0c, 0xe4, 0x0c, 0x02, 0x00, 0x02, 0x00, 0x64, 0x00, 0x2c, 0x01, 0x20, 0x03,
	0x00, 0x00, 0x00, 0x00, 0x00, 0x00, 0x00, 0x00, 0x14, 0x1e, 0x28, 0x3c, 0x14, 0x1e, 0x28, 0x3c,
	0x00, 0x00, 0x00, 0x00, 0xc8, 0x00, 0x32, 0x00, 0xc8, 0x00, 0x30, 0x2a, 0xf4, 0x01, 0x00, 0x00,
	0x32, 0x00, 0xc8, 0x00, 0x32, 0x00, 0xdc, 0x00, 0x64, 0x00, 0x2c, 0x01, 0xf0, 0x0f, 0x54, 0x10,
	0xd0, 0x07, 0xc8, 0x00, 0x3c, 0x00, 0xb8, 0x0b, 0x10, 0x0e, 0x00, 0x00, 0xf0, 0x0a, 0x10, 0x0e,
	0x00, 0x00, 0x64, 0x00, 0xba, 0xff, 0x46, 0x00, 0x32, 0x00, 0x0a, 0x00, 0x08, 0x07, 0x00, 0x00,
	0x52, 0x02, 0x00, 0x00, 0x84, 0xf3, 0x00, 0x00, 0x82, 0x60, 0x21, 0x00, 0x4c, 0x04, 0x34, 0x00,
	0x30, 0x00, 0x50, 0x00, 0x46, 0x00, 0xc2, 0x01, 0xc8, 0x00, 0x40, 0x06, 0x78, 0x05, 0x32, 0x00,
	0xc8, 0x00, 0x00, 0x00, 0x1e, 0x00, 0x5f, 0x00, 0x60, 0x03, 0xe0, 0x10, 0x50, 0x46, 0x60, 0x09,
	0xc0, 0x03, 0x68, 0x01, 0x48, 0x00, 0x3c, 0x00, 0x05, 0x0f, 0x01, 0x00, 0x00, 0x00, 0x00, 0x00,
	0x00, 0x00, 0x00, 0x00, 0x00, 0x00, 0x00, 0x00, 0x00, 0x00, 0x00, 0x00, 0x00, 0x00, 0x00, 0x00,
	0x00, 0x00, 0x00, 0x00, 0x00, 0x00, 0x00, 0x00, 0x00, 0x00, 0x00, 0x00, 0x00, 0x00, 0x00, 0x3f,
	0xfa, 0x00, 0x78, 0x00, 0x64, 0x00, 0x05, 0x00, 0x3c, 0x00, 0xd0, 0x07, 0x32, 0x00, 0x00, 0x00,
	0x0a, 0x00, 0x00, 0x00, 0x00, 0x00, 0x00, 0x00, 0x00, 0x00, 0x00, 0x00, 0x00, 0x00, 0x00, 0x00,
	0x47, 0xee, 0x01, 0x00, 0xfa, 0x00, 0x90, 0x0e, 0x9f, 0x0e, 0x52, 0x0f, 0x62, 0x0f, 0xf4, 0x01,
	0xf0, 0x00, 0x07, 0x00, 0x05, 0x00, 0xf4, 0x01, 0x14, 0x00, 0xac, 0x0d, 0x28, 0x00, 0x02, 0x00,
	0xfa, 0x00, 0x00, 0x00, 0x00, 0x00, 0x00, 0x00, 0x04, 0x00, 0x00, 0x00, 0x00, 0x00, 0xfa, 0x00,
	0xf4, 0x01, 0x70, 0x17, 0xe2, 0x0e, 0x5a, 0x00, 0xfa, 0x00, 0x0a, 0x00, 0x32, 0x00, 0x69, 0x00,
	0xea, 0x0b, 0x28, 0x23, 0xa0, 0x0f, 0x96, 0x00, 0x64, 0x00, 0x96, 0x00, 0x64, 0x00, 0x50, 0x00,
	0x32, 0x00, 0x14, 0x00, 0xb0, 0x04, 0x20, 0x03, 0x58, 0x02, 0x0f, 0x00, 0xdc, 0x05, 0xf4, 0x01,
	0x96, 0x00, 0x00, 0x00, 0x9c, 0xff, 0x00, 0x00, 0x8c, 0x0a, 0x00, 0x00, 0x28, 0x00, 0x00, 0x00,
	0x19, 0x00, 0xf4, 0x01, 0x1e, 0x00, 0x64, 0x00, 0xf4, 0x01, 0xf4, 0x01, 0x20, 0x03, 0x00, 0x00,
	0xb8, 0x0b, 0x1c, 0x0c, 0x00, 0x00, 0x01, 0x00, 0xda, 0x11, 0x76, 0x11, 0x64, 0x00, 0x63, 0x00,
	0xb8, 0x0b, 0x1c, 0x0c, 0x06, 0x00, 0x08, 0x00, 0xda, 0x11, 0x76, 0x11, 0x64, 0x00, 0x63, 0x00,
	0x00, 0x00, 0x58, 0x02, 0x32, 0x00, 0x2c, 0x01, 0xf4, 0x01, 0xc8, 0x00, 0x64, 0x00, 0x0a, 0x00,
	0x78, 0x05, 0x32, 0x00, 0x05, 0x00, 0x0a, 0x00, 0x08, 0x07, 0xe0, 0x15, 0x01, 0x00, 0x70, 0x17,
	0x96, 0x00, 0x00, 0x00, 0x9c, 0xff, 0x1e, 0x00, 0x0f, 0x00, 0x05, 0x00, 0x05, 0x00, 0x05, 0x00,
	0x88, 0x13, 0xc8, 0x00, 0x00, 0x00, 0x00, 0x00, 0x00, 0x00, 0xde, 0x03, 0x00, 0x00, 0x00, 0x00,
	0xc8, 0x00, 0x50, 0x00, 0x1e, 0x00, 0x0a, 0x00, 0x0a, 0x00, 0x64, 0x00, 0x3c, 0x00, 0x50, 0x00,
	0x28, 0x00, 0x0b, 0x00, 0x5b, 0x00, 0x50, 0x00, 0x88, 0x13, 0x5c, 0x01, 0x88, 0x13, 0x5c, 0x01,
	0x14, 0x00, 0x64, 0x00, 0x58, 0x02, 0x26, 0x02, 0x90, 0x01, 0x00, 0x00, 0xce, 0xff, 0x9c, 0xff,
	0x6a, 0xff, 0xe8, 0x03, 0xe8, 0x03, 0xe8, 0x03, 0xe8, 0x03, 0xe8, 0x03, 0x32, 0x00, 0x32, 0x00,
	0x08, 0x07, 0x98, 0x08, 0x0a, 0x90, 0x01, 0x06, 0x00, 0x05, 0x0a, 0x14, 0xe0, 0x10, 0xf0, 0x0a,
	0x0a, 0x00, 0x1e, 0x60, 0x09, 0x0a, 0x0a, 0x1e, 0x0a, 0x00, 0x00, 0x00, 0x88, 0x13, 0x00, 0x00,
	0xda, 0x11, 0x12, 0x11, 0xc4, 0x09, 0x54, 0x0b, 0x3c, 0x37, 0xec, 0xf1, 0x01, 0x0a, 0x00, 0x00,
	0x00, 0x00, 0x00, 0x00, 0x00, 0x00, 0x00, 0x00, 0x00, 0x00, 0x00, 0x00, 0x00, 0x00, 0x00, 0x00,
	0xd0, 0x07, 0x64, 0x00, 0x09, 0x00, 0x05, 0x00, 0x14, 0x00, 0xcc, 0x10, 0x3c, 0x00, 0x3c, 0x00,
	0x00, 0x2f, 0x0d, 0x00, 0x10, 0x0e, 0x00, 0x01, 0x05, 0x0f, 0x05, 0x03, 0x05, 0x0a, 0x03, 0x00,
	0x0f, 0x00, 0x0a, 0x00, 0x64, 0x00, 0xc8, 0x00, 0x50, 0xc3, 0x3c, 0x00, 0x14, 0x00, 0x03, 0x00,
	0xe8, 0x03, 0x0a, 0x00, 0x00, 0x00, 0x00, 0x00, 0x00, 0x00, 0x00, 0x00, 0x00, 0x00, 0x00, 0x00,
	0x01, 0x48, 0xf4, 0x6a, 0xff, 0x32, 0x00, 0x5f, 0x03, 0x03, 0x2c, 0x01, 0x1e, 0x0a, 0x14, 0x58,
	0x02, 0x00, 0x00, 0x70, 0x17, 0x3c, 0x00, 0x48, 0xf4, 0x6a, 0xff, 0x05, 0x03, 0x03, 0x32, 0x00,
	0x00, 0x00, 0x00, 0x00, 0x00, 0x00, 0x00, 0x00, 0x00, 0x00, 0x00, 0x00, 0x00, 0x00, 0x00, 0x00,
	0x00, 0x00, 0x00, 0x00, 0x00, 0x00, 0x00, 0x00, 0x00, 0x00, 0x00, 0x00, 0x00, 0x00, 0x00, 0x72,
	0x9c, 0xff, 0x00, 0x00, 0x32, 0x00, 0x64, 0x00, 0x96, 0x00, 0xc8, 0x00, 0x5e, 0x01, 0x90, 0x01,
	0xe0, 0x01, 0x58, 0x02, 0x0a, 0x00, 0x03, 0x00, 0x32, 0x00, 0x4b, 0x00, 0x01, 0x00, 0x00, 0x00,
	0xda, 0x11, 0xa8, 0x11, 0xa8, 0x11, 0xa8, 0x11, 0xa8, 0x11, 0xa8, 0x11, 0xa8, 0x11, 0xa8, 0x11,
	0xa8, 0x11, 0xa8, 0x11, 0x34, 0x08, 0xb8, 0x0b, 0x00, 0x0f, 0x68, 0x10, 0x00, 0x00, 0x00, 0x00,
	0xce, 0x01, 0xce, 0x01, 0x21, 0x01, 0x84, 0x04, 0x84, 0x04, 0x63, 0x03, 0xc6, 0x06, 0xc6, 0x06,
	0x84, 0x04, 0x18, 0x1b, 0x18, 0x1b, 0x94, 0x16, 0x18, 0x1b, 0x18, 0x1b, 0x18, 0x1b, 0x18, 0x1b,
	0x18, 0x1b, 0x18, 0x1b, 0x18, 0x1b, 0x18, 0x1b, 0x18, 0x1b, 0x18, 0x1b, 0x18, 0x1b, 0x18, 0x1b,
	0x4a, 0x0b, 0x4a, 0x0b, 0x00, 0x00, 0x5e, 0x01, 0x00, 0x00, 0x00, 0x00, 0x00, 0x00, 0x00, 0x00,
	0x64, 0x00, 0x2c, 0x01, 0x20, 0x03, 0x00, 0x00, 0x00, 0x00, 0x00, 0x00, 0x00, 0x14, 0x1e, 0x1e,
	0x00, 0x00, 0x00, 0x00, 0x00, 0x00, 0x00, 0x00, 0x00, 0x00, 0x00, 0x00, 0x00, 0x00, 0x00, 0x00,
	0x0a, 0x00, 0x0a, 0x00, 0x0a, 0x00, 0x0a, 0x00, 0x1e, 0x00, 0x1e, 0x00, 0x1e, 0x00, 0x1e, 0x00,
	0x32, 0x00, 0x32, 0x00, 0x32, 0x00, 0x32, 0x00, 0x78, 0x00, 0x78, 0x00, 0x78, 0x00, 0x78, 0x00,
	0xd6, 0x10, 0xfe, 0x10, 0x30, 0x11, 0x94, 0x11, 0x09, 0x01, 0xd3, 0x00, 0xb1, 0x00, 0x93, 0x00,
	0x75, 0x00, 0x78, 0x00, 0x78, 0x00, 0x78, 0x00, 0x78, 0x00, 0xd6, 0x10, 0xfe, 0x10, 0x30, 0x11,
	0x94, 0x11, 0x09, 0x01, 0xd3, 0x00, 0xb1, 0x00, 0x93, 0x00, 0x75, 0x00, 0x86, 0x01, 0x23, 0x00,
	0x93, 0x03, 0x28, 0x00, 0x78, 0x04, 0x28, 0x00, 0x7b, 0x06, 0x28, 0x00, 0x7e, 0x08, 0x28, 0x00,
	0x5f, 0x0a, 0x32, 0x00, 0x38, 0x22, 0x38, 0x22, 0x38, 0x22, 0x38, 0x22, 0x0a, 0x00, 0x50, 0x14,
	0x96, 0x00, 0x70, 0x44, 0x70, 0x44, 0x70, 0x44, 0x70, 0x44, 0x28, 0x00, 0x50, 0x14, 0x5e, 0x01,
	0xa8, 0x66, 0xa8, 0x66, 0xa8, 0x66, 0xa8, 0x66, 0x46, 0x00, 0x01, 0x0a, 0x00, 0x00, 0xf4, 0x01,
	0x68, 0x10, 0x2c, 0x01, 0x19, 0x00, 0xb8, 0x0b, 0x00, 0x00, 0x00, 0x00, 0x00, 0x00, 0x00, 0x00,
	0x64, 0x00, 0x64, 0x00, 0x30, 0x11, 0x0c, 0x00, 0x00, 0x00, 0x00, 0x00, 0x00, 0x00, 0x00, 0x00,
	0x00, 0x00, 0x00, 0x00, 0x00, 0x00, 0x00, 0x00, 0x00, 0x00, 0x00, 0x00, 0x00, 0x00, 0x00, 0x00,
	0x02, 0xb3, 0xa8, 0x5e, 0xa4, 0xc1, 0xa6, 0xdb, 0x6f, 0xbd, 0x1f, 0xd5, 0x76, 0x7c, 0x1a, 0x42,
	0x31, 0x4f, 0x37, 0xba, 0x7c, 0x94, 0x60, 0xc9, 0xed, 0x79, 0xa1, 0x2b, 0xb2, 0xb5, 0xd9, 0x9c,
	0x04, 0x10, 0x04, 0x10, 0x64, 0x00, 0x50, 0x00, 0x96, 0x00, 0x78, 0x00, 0x32, 0x00, 0x50, 0x00,
	0x32, 0x00, 0x50, 0x00, 0x0a, 0x00, 0x32, 0x00, 0x0a, 0x00, 0x14, 0x00, 0x0a, 0x00, 0x14, 0x00,
	0x03, 0x0f, 0x00, 0x00, 0xa8, 0xf7, 0x1b, 0x04, 0x40, 0x1f, 0xb8, 0x0b, 0x58, 0x02, 0x64, 0x00,
	0xc8, 0x00, 0x3c, 0x00, 0xc4, 0x09, 0x06, 0x07, 0x20, 0x4e, 0x98, 0x3a, 0x10, 0x27, 0x88, 0x13,
	0x00, 0x00, 0x00, 0x00, 0x00, 0x00, 0x00, 0x00, 0x40, 0x1f, 0xb8, 0x0b, 0xc8, 0x00, 0x20, 0x4e,
	0xe8, 0x03, 0x3c, 0x00, 0x64, 0x00, 0x08, 0x00, 0x05, 0x00, 0x03, 0x00, 0x02, 0x00, 0x01, 0x00,
	0x00, 0x00, 0x00, 0x00, 0x00, 0x00, 0x00, 0x00, 0x00, 0x00, 0x00, 0x00, 0x00, 0x00, 0x00, 0x00,
	0x00, 0x00, 0x00, 0x00, 0x00, 0x00, 0x00, 0x00, 0x00, 0x00, 0x00, 0x00, 0x00, 0x00, 0x00, 0xcb,
	0x03, 0x96, 0x00, 0xc8, 0x00, 0x05, 0x9c, 0xff, 0x38, 0xff, 0x02, 0x38, 0xff, 0x02, 0x40, 0x7e,
	0x05, 0x00, 0x14, 0x00, 0x00, 0x00, 0x01, 0x00, 0x00, 0x01, 0x00, 0x00, 0x01, 0x00, 0x00, 0x01,
	0x32, 0x00, 0xc8, 0x00, 0x01, 0x01, 0x01, 0x01, 0x64, 0x00, 0x64, 0x00, 0x10, 0x0e, 0x00, 0x00,
	0x80, 0x0c, 0x48, 0x00, 0x64, 0x00, 0x0a, 0x05, 0x0a, 0x14, 0x0a, 0x06, 0x00, 0x00, 0x00, 0x00,
	0xda, 0x11, 0xda, 0x11, 0xda, 0x11, 0xda, 0x11, 0xda, 0x11, 0xda, 0x11, 0xda, 0x11, 0xda, 0x11,
	0x64, 0x00, 0x2c, 0x01, 0xf4, 0x01, 0x20, 0x03, 0x00, 0x14, 0x1e, 0x1e, 0x1e, 0x02, 0x02, 0x02,
	0x02, 0x02, 0x19, 0x00, 0x19, 0x00, 0x19, 0x00, 0x19, 0x00, 0x19, 0x00, 0x0a, 0x00, 0x0a, 0x00,
	0x0a, 0x00, 0x0a, 0x00, 0x0a, 0x00, 0x0a, 0x00, 0xc8, 0x00, 0x64, 0x00, 0x10, 0x0e, 0x19, 0x00,
	0xaa, 0x55, 0x6e, 0x00, 0xbe, 0x0a, 0x14, 0x00, 0xfa, 0x00, 0x5e, 0x01, 0x90, 0x01, 0xc2, 0x01,
	0x58, 0x02, 0xbc, 0x02, 0x20, 0x03, 0x0a, 0x00, 0x0c, 0x00, 0x64, 0x00, 0x1e, 0x00, 0x1e, 0x00,
	0x01, 0x00, 0x00, 0x00, 0x00, 0x00, 0x00, 0x00, 0x00, 0x00, 0x00, 0x00, 0x00, 0x00, 0x08, 0x07,
	0x62, 0x00, 0x0a, 0x00, 0xe0, 0x01, 0x64, 0x00, 0xc8, 0x00, 0x38, 0xff, 0x58, 0x02, 0xd4, 0xfe,
	0x10, 0x0e, 0x1e, 0x00, 0x14, 0x00, 0x05, 0x00, 0xec, 0xff, 0x3c, 0x00, 0x5a, 0x00, 0x5f, 0x00,
	0x58, 0x02, 0xe0, 0x01, 0x58, 0x02, 0x08, 0x07, 0xa0, 0x8c, 0x0a, 0x00, 0xb0, 0xff, 0x05, 0x00,
	0x20, 0x03, 0x50, 0x00, 0x5a, 0x00, 0x0a, 0x00, 0x40, 0x0b, 0xdc, 0x0a, 0x03, 0x00, 0x0a, 0x00,
	0x50, 0x46, 0x02, 0x00, 0x01, 0x00, 0x00, 0x00, 0x00, 0x00, 0x00, 0x00, 0x00, 0x00, 0x00, 0x00,
	0xf4, 0x01, 0x05, 0x00, 0x02, 0x00, 0x64, 0x00, 0x20, 0x1c, 0xf4, 0x01, 0x32, 0x00, 0x00, 0x00,
	0x00, 0x00, 0x00, 0x00, 0x00, 0x00, 0x00, 0x00, 0x00, 0x00, 0x00, 0x00, 0x00, 0x00, 0x00, 0x00,
	0x32, 0x00, 0x4e, 0x0c, 0x0f, 0x00, 0x64, 0x00, 0x9c, 0xff, 0x58, 0x02, 0xf4, 0x01, 0x00, 0x00,
	0x00, 0x00, 0x00, 0x00, 0x00, 0x00, 0x00, 0x00, 0x00, 0x00, 0x00, 0x00, 0x00, 0x00, 0x00, 0x00,
	0x70, 0x17, 0xf4, 0x01, 0x1c, 0x0c, 0xe4, 0x0c, 0xac, 0x0d, 0x5e, 0x01, 0x96, 0x00, 0x64, 0x00,
	0xc8, 0x00, 0xc8, 0x00, 0x14, 0x00, 0x46, 0x00, 0x80, 0x0c, 0xe4, 0x0c, 0x48, 0x0d, 0x00, 0x00,
	0xf4, 0x01, 0x0c, 0xfe, 0xb8, 0x0b, 0x64, 0x00, 0x32, 0x00, 0x40, 0x06, 0x78, 0x00, 0x8c, 0x0a,
	0x8c, 0x0a, 0x64, 0x00, 0x64, 0x00, 0x64, 0x00, 0x90, 0x01, 0xb8, 0x0b, 0x00, 0x00, 0x00, 0x00,
	0x90, 0x01, 0x20, 0x03, 0xb0, 0x04, 0x80, 0x0c, 0xe4, 0x0c, 0x48, 0x0d, 0x10, 0x0e, 0x00, 0x00,
	0x00, 0x00, 0x00, 0x00, 0x00, 0x00, 0x00, 0x00, 0x00, 0x00, 0x00, 0x00, 0x00, 0x00, 0x00, 0x00,
	0xc8, 0x00, 0xfa, 0x00, 0x2c, 0x01, 0x5e, 0x01, 0x90, 0x01, 0xc2, 0x01, 0xdf, 0x01, 0x98, 0x08,
	0x94, 0x11, 0x40, 0x01, 0x14, 0x19, 0x14, 0x1e, 0x9c, 0x32, 0x32, 0x14, 0x00, 0x00, 0x00, 0x00,
	0x00, 0x00, 0x00, 0x00, 0xa8, 0xf7, 0x1b, 0x04, 0x40, 0x1f, 0xb8, 0x0b, 0xc8, 0x00, 0x20, 0x4e,
	0xe8, 0x03, 0x3c, 0x00, 0x64, 0x00, 0x14, 0x00, 0x5f, 0x00, 0x05, 0x00, 0x96, 0x00, 0x32, 0x00,
	0x00, 0x00, 0x00, 0x00, 0x00, 0x00, 0x00, 0x00, 0x00, 0x00, 0x00, 0x00, 0x00, 0x00, 0x00, 0x00,
	0x00, 0x00, 0x00, 0x00, 0x00, 0x00, 0x00, 0x00, 0x00, 0x00, 0x00, 0x00, 0x00, 0x00, 0x00, 0x79,
	0xff, 0xff, 0x00, 0x00, 0x00, 0x34, 0x00, 0x00, 0x00, 0x8c, 0x01, 0x00, 0x11, 0x83, 0x00, 0x00,
	0x00, 0x00, 0x00, 0x00, 0x00, 0x00, 0x00, 0x00, 0x00, 0x00, 0x00, 0x00, 0x00, 0x00, 0x00, 0x00,
	0xaa, 0x55, 0x00, 0xff, 0xaa, 0x55, 0x00, 0xff, 0x00, 0x00, 0x00, 0x00, 0x00, 0x00, 0x00, 0x00,
	0x00, 0x00, 0x00, 0x00, 0x00, 0x00, 0x00, 0x00, 0x00, 0x00, 0x00, 0x00, 0x00, 0x00, 0x00, 0x00,
	0x00, 0x00, 0x00, 0x00, 0x00, 0x00, 0x00, 0x00, 0x00, 0x00, 0x00, 0x00, 0x00, 0x00, 0x00, 0x00,
	0x00, 0x00, 0x00, 0x00, 0x00, 0x00, 0x00, 0x00, 0x00, 0x00, 0x00, 0x00, 0x00, 0x00, 0x00, 0x00,
	0x00, 0x00, 0x00, 0x00, 0x00, 0x00, 0x00, 0x00, 0x00, 0x00, 0x00, 0x00, 0x00, 0x00, 0x00, 0x00,
	0x00, 0x00, 0x00, 0x00, 0x00, 0x00, 0x00, 0x00, 0x00, 0x00, 0x00, 0x00, 0x00, 0x00, 0x00, 0x00,
	0x00, 0x00, 0x00, 0x00, 0x00, 0x00, 0x00, 0x00, 0x00, 0x00, 0x00, 0x00, 0x00, 0x00, 0x00, 0x00,
	0x00, 0x00, 0x00, 0x00, 0x00, 0x00, 0x00, 0x00, 0x00, 0x00, 0x00, 0x00, 0x00, 0x00, 0x00, 0x00,
	0x00, 0x00, 0x00, 0x00, 0x00, 0x00, 0x00, 0x00, 0x00, 0x00, 0x00, 0x00, 0x00, 0x00, 0x00, 0x00,
	0x00, 0x00, 0x00, 0x00, 0x00, 0x00, 0x00, 0x00, 0x00, 0x00, 0x00, 0x00, 0x00, 0x00, 0x00, 0x00,
	0x00, 0x00, 0x00, 0x00, 0x00, 0x00, 0x00, 0x00, 0x00, 0x00, 0x00, 0x00, 0x00, 0x00, 0x00, 0x00,
	0x00, 0x00, 0x00, 0x00, 0x00, 0x00, 0x00, 0x00, 0x00, 0x00, 0x00, 0x00, 0x00, 0x00, 0x00, 0x00,
	0x00, 0x00, 0x00, 0x00, 0x00, 0x00, 0x00, 0x00, 0x00, 0x00, 0x00, 0x00, 0x00, 0x00, 0x00, 0x00,
	0x00, 0x00, 0x00, 0x00, 0x00, 0x00, 0x00, 0x00, 0x00, 0x00, 0x00, 0x00, 0x00, 0x00, 0x00, 0x00,
	0x00, 0x00, 0x00, 0x00, 0x00, 0x00, 0x00, 0x00, 0x00, 0x00, 0x00, 0x00, 0x00, 0x00, 0x00, 0x00,
	0x00, 0x00, 0x00, 0x00, 0x00, 0x00, 0x00, 0x00, 0x00, 0x00, 0x00, 0x00, 0x00, 0x00, 0x00, 0x00,
	0x00, 0x00, 0x00, 0x00, 0x00, 0x00, 0x00, 0x00, 0x00, 0x00, 0x00, 0x00, 0x00, 0x00, 0x00, 0x00,
	0x00, 0x00, 0x00, 0x00, 0x00, 0x00, 0x00, 0x00, 0x00, 0x00, 0x00, 0x00, 0x00, 0x00, 0x00, 0x00,
	0x00, 0x00, 0x00, 0x00, 0x00, 0x00, 0x00, 0x00, 0x00, 0x00, 0x00, 0x00, 0x00, 0x00, 0x00, 0x00,
	0x00, 0x00, 0x00, 0x00, 0x00, 0x00, 0x00, 0x00, 0x00, 0x00, 0x00, 0x00, 0x00, 0x00, 0x00, 0x00,
	0x00, 0x00, 0x00, 0x00, 0x00, 0x00, 0x00, 0x00, 0x00, 0x00, 0x00, 0x00, 0x00, 0x00, 0x00, 0x00,
	0x00, 0x00, 0x00, 0x00, 0x00, 0x00, 0x00, 0x00, 0x00, 0x00, 0x00, 0x00, 0x00, 0x00, 0x00, 0x00,
	0x00, 0x00, 0x00, 0x00, 0x00, 0x00, 0x00, 0x00, 0x00, 0x00, 0x00, 0x00, 0x00, 0x00, 0x00, 0x00,
	0x00, 0x00, 0x00, 0x00, 0x00, 0x00, 0x00, 0x00, 0x00, 0x00, 0x00, 0x00, 0x00, 0x00, 0x00, 0x00,
	0x00, 0x00, 0x00, 0x00, 0x00, 0x00, 0x00, 0x00, 0x00, 0x00, 0x00, 0x00, 0x00, 0x00, 0x00, 0x00,
	0x00, 0x00, 0x00, 0x00, 0x00, 0x00, 0x00, 0x00, 0x00, 0x00, 0x00, 0x00, 0x00, 0x00, 0x00, 0x00,
	0x00, 0x00, 0x00, 0x00, 0x00, 0x00, 0x00, 0x00, 0x00, 0x00, 0x00, 0x00, 0x00, 0x00, 0x00, 0x00,
	0x00, 0x00, 0x00, 0x00, 0x00, 0x00, 0x00, 0x00, 0x00, 0x00, 0x00, 0x00, 0x00, 0x00, 0x00, 0x00,
	0x00, 0x00, 0x00, 0x00, 0x00, 0x00, 0x00, 0x00, 0x00, 0x00, 0x00, 0x00, 0x00, 0x00, 0x00, 0x00,
	0x00, 0x00, 0x00, 0x00, 0x00, 0x00, 0x00, 0x00, 0x00, 0x00, 0x00, 0x00, 0x00, 0x00, 0x00, 0x00,
	0x28, 0x1e, 0x00, 0x20, 0x05, 0x41, 0x00, 0x00, 0xa9, 0xef, 0x00, 0x00, 0xa5, 0xd0, 0x00, 0x00,
	0x00, 0x00, 0x00, 0x00, 0x00, 0x00, 0x00, 0x00, 0x00, 0x00, 0x00, 0x00, 0x00, 0x00, 0x00, 0x00,
	0x00, 0x00, 0x00, 0x00, 0x00, 0x00, 0x00, 0x00, 0x00, 0x00, 0x00, 0x00, 0x35, 0x17, 0x01, 0x00,
	0x00, 0x00, 0x00, 0x00, 0x00, 0x00, 0x00, 0x00, 0xf5, 0xf3, 0x00, 0x00, 0x51, 0x28, 0x01, 0x00,
	0x8d, 0x95, 0x00, 0x00, 0xa1, 0xda, 0x00, 0x00, 0xed, 0x44, 0x00, 0x00, 0x31, 0x92, 0x00, 0x00,
	0x35, 0x88, 0x00, 0x00, 0xbd, 0xd6, 0x00, 0x00, 0x89, 0x4a, 0x01, 0x00, 0x6d, 0xcc, 0x00, 0x00,
	0x7d, 0x42, 0x00, 0x00, 0x91, 0x71, 0x00, 0x00, 0x00, 0x00, 0x00, 0x00, 0x00, 0x00, 0x00, 0x00,
	0x00, 0x00, 0x00, 0x00, 0x00, 0x00, 0x00, 0x00, 0x00, 0x00, 0x00, 0x00, 0x00, 0x00, 0x00, 0x00,
	0x00, 0x00, 0x00, 0x00, 0x00, 0x00, 0x00, 0x00, 0x00, 0x00, 0x00, 0x00, 0x00, 0x00, 0x00, 0x00,
	0x00, 0x00, 0x00, 0x00, 0x00, 0x00, 0x00, 0x00, 0x00, 0x00, 0x00, 0x00, 0x00, 0x00, 0x00, 0x00,
	0x00, 0x00, 0x00, 0x00, 0x00, 0x00, 0x00, 0x00, 0x00, 0x00, 0x00, 0x00, 0x00, 0x00, 0x00, 0x00,
	0x00, 0x00, 0x00, 0x00, 0x00, 0x00, 0x00, 0x00, 0x00, 0x00, 0x00, 0x00, 0x00, 0x00, 0x00, 0x00,
	0x03, 0x48, 0x85, 0x46, 0x00, 0xf0, 0xe0, 0xfc, 0x00, 0x48, 0x00, 0x47, 0xe9, 0x67, 0x01, 0x00,
	0x28, 0x1e, 0x00, 0x20, 0x30, 0xb5, 0x0b, 0x46, 0x01, 0x46, 0x00, 0x20, 0x20, 0x22, 0x01, 0x24,
	0x09, 0xe0, 0x0d, 0x46, 0xd5, 0x40, 0x9d, 0x42, 0x05, 0xd3, 0x1d, 0x46, 0x95, 0x40, 0x49, 0x1b,
	0x25, 0x46, 0x95, 0x40, 0x40, 0x19, 0x15, 0x46, 0x52, 0x1e, 0x00, 0x2d, 0xf1, 0xdc, 0x30, 0xbd,
	0x70, 0xb5, 0x00, 0x24, 0x25, 0x46, 0x00, 0x28, 0x01, 0xda, 0x01, 0x24, 0x40, 0x42, 0x00, 0x29,
	0x01, 0xda, 0x01, 0x25, 0x49, 0x42, 0xff, 0xf7, 0xdd, 0xff, 0xac, 0x42, 0x00, 0xd0, 0x40, 0x42,
	0x00, 0x2c, 0x00, 0xd0, 0x49, 0x42, 0x70, 0xbd, 0xf0, 0xb5, 0x1f, 0xb4, 0x06, 0x46, 0x00, 0x20,
	0x82, 0xb0, 0x05, 0x46, 0x40, 0x24, 0x01, 0x91, 0x00, 0x90, 0x1b, 0xe0, 0x01, 0x99, 0x22, 0x46,
	0x0f, 0x46, 0x30, 0x46, 0x00, 0xf0, 0x93, 0xf8, 0x04, 0x9a, 0x05, 0x9b, 0x80, 0x1a, 0x99, 0x41,
	0x10, 0xd3, 0x10, 0x46, 0x19, 0x46, 0x22, 0x46, 0x00, 0xf0, 0x79, 0xf8, 0x36, 0x1a, 0x8f, 0x41,
	0x01, 0x97, 0x22, 0x46, 0x01, 0x20, 0x00, 0x21, 0x00, 0x9f, 0x00, 0xf0, 0x70, 0xf8, 0x38, 0x18,
	0x4d, 0x41, 0x00, 0x90, 0x20, 0x46, 0x64, 0x1e, 0x00, 0x28, 0xdf, 0xdc, 0x01, 0x9b, 0x00, 0x98,
	0x29, 0x46, 0x32, 0x46, 0x07, 0xb0, 0xf0, 0xbd, 0xf8, 0xb5, 0x00, 0x24, 0x25, 0x46, 0x00, 0x29,
	0x04, 0xda, 0x0e, 0x46, 0x01, 0x24, 0x00, 0x21, 0x40, 0x42, 0xb1, 0x41, 0x00, 0x2b, 0x04, 0xda,
	0x1e, 0x46, 0x00, 0x23, 0x52, 0x42, 0x01, 0x25, 0xb3, 0x41, 0xff, 0xf7, 0xbd, 0xff, 0x8c, 0x46,
	0x17, 0x46, 0x1e, 0x46, 0xac, 0x42, 0x03, 0xd0, 0x00, 0x25, 0x40, 0x42, 0x8d, 0x41, 0xac, 0x46,
	0x00, 0x2c, 0x02, 0xd0, 0x00, 0x26, 0x57, 0x42, 0x9e, 0x41, 0x61, 0x46, 0x3a, 0x46, 0x33, 0x46,
	0x01, 0xb0, 0xf0, 0xbd, 0xf0, 0xb5, 0x1f, 0xb4, 0x86, 0xb0, 0x00, 0x20, 0x00, 0x90, 0x01, 0x90,
	0x02, 0x90, 0x06, 0x98, 0x06, 0x99, 0x80, 0xb2, 0x04, 0x90, 0x07, 0x98, 0x09, 0x0c, 0x02, 0x04,
	0x00, 0x14, 0x11, 0x43, 0x07, 0x90, 0x00, 0x27, 0x08, 0x9d, 0x09, 0x98, 0x06, 0x91, 0x3e, 0x46,
	0x88, 0x43, 0x20, 0x22, 0x90, 0x43, 0x38, 0x60, 0x28, 0x68, 0x40, 0x00, 0x40, 0x08, 0x28, 0x60,
	0x30, 0x68, 0xca, 0x06, 0x10, 0x43, 0x30, 0x60, 0xe2, 0x68, 0x04, 0x20, 0x82, 0x43, 0xe2, 0x60,
	0xe0, 0x68, 0x88, 0x43, 0xe0, 0x60, 0x02, 0x20, 0x60, 0x61, 0x80, 0x20, 0x60, 0x61, 0x20, 0xe0,
	0x01, 0x06, 0x0e, 0xd5, 0x08, 0xf0, 0xa8, 0xfd, 0x00, 0xf0, 0x2a, 0xf8, 0x28, 0x68, 0x40, 0x00,
	0x40, 0x08, 0x28, 0x60, 0x30, 0x68, 0x01, 0x21, 0xc9, 0x07, 0x08, 0x43, 0x30, 0x60, 0x80, 0x20,
	0x79, 0xe7, 0x40, 0x06, 0x00, 0xd4, 0x77, 0xe7, 0x08, 0xf0, 0x96, 0xfd, 0x00, 0xf0, 0x18, 0xf8,
	0x28, 0x68, 0x40, 0x00, 0x40, 0x08, 0x28, 0x60, 0x30, 0x68, 0x01, 0x21, 0xc9, 0x07, 0x08, 0x43,
	0x30, 0x60, 0x40, 0x20, 0x67, 0xe7, 0x00, 0x00, 0x00, 0x70, 0x00, 0x40, 0xa4, 0x05, 0x00, 0x20,
	0x40, 0x02, 0x00, 0x20, 0x34, 0x09, 0x00, 0x20, 0x1f, 0x07, 0x00, 0x20, 0xe0, 0xe0, 0x01, 0x00,
	0x0e, 0xb5, 0x01, 0x21, 0x08, 0x02, 0x04, 0xf0, 0xa9, 0xff, 0x00, 0x23, 0x68, 0x46, 0x0b, 0x49,
	0x03, 0x71, 0x88, 0x7e, 0xc9, 0x7e, 0x41, 0x18, 0xff, 0x29, 0x05, 0xd1, 0xc1, 0x07, 0x03, 0xd1,
	0x00, 0x28, 0x01, 0xd0, 0x40, 0x08, 0x00, 0xe0, 0x55, 0x20, 0x00, 0x90, 0x68, 0x46, 0x43, 0x71,
	0xe3, 0x22, 0x01, 0x99, 0x00, 0x98, 0x08, 0xf0, 0x1f, 0xfd, 0x0e, 0xbd, 0xe0, 0xe0, 0x01, 0x00,
	0x10, 0xb5, 0x10, 0x4c, 0x20, 0x88, 0x40, 0x06, 0x07, 0xd5, 0x0f, 0x48, 0x41, 0x7a, 0x02, 0x7a,
	0x08, 0x02, 0x10, 0x43, 0x01, 0xd0, 0x09, 0xf0, 0xad, 0xff, 0x20, 0x88, 0x40, 0x06, 0x0c, 0xd5,
	0x02, 0xf0, 0x16, 0xf8, 0x08, 0xf0, 0xa4, 0xfb, 0x08, 0x48, 0x81, 0x7b, 0x01, 0x29, 0x05, 0xd0,
	0x00, 0x7c, 0x01, 0x28, 0x01, 0xd1, 0x07, 0xf0, 0xaf, 0xff, 0x10, 0xbd, 0x08, 0xf0, 0xd4, 0xfb,
	0x10, 0xbd, 0x00, 0x00, 0xe4, 0x04, 0x00, 0x20, 0xa0, 0xe5, 0x01, 0x00, 0x90, 0x08, 0x00, 0x20,
	0x10, 0xb5, 0x01, 0x21, 0x88, 0x02, 0x04, 0xf0, 0x61, 0xff, 0x00, 0xf0, 0x3f, 0xf8, 0x00, 0xf0,
	0x1b, 0xf8, 0xff, 0x20, 0x80, 0x02, 0x00, 0xf0, 0x33, 0xf8, 0x01, 0x20, 0x00, 0xf0, 0x24, 0xf8,
	0x01, 0x20, 0x00, 0xf0, 0x03, 0xf8, 0x00, 0xf0, 0x17, 0xf8, 0x10, 0xbd, 0x05, 0x49, 0x01, 0x28,
	0x88, 0x68, 0x03, 0xd0, 0x40, 0x08, 0x40, 0x00, 0x88, 0x60, 0x70, 0x47, 0x01, 0x22, 0x10, 0x43,
	0xfa, 0xe7, 0x00, 0x00, 0x00, 0x40, 0x00, 0x40, 0x00, 0x20, 0x02, 0x49, 0xc0, 0x43, 0xc8, 0x60,
	0x70, 0x47, 0x00, 0x00, 0x00, 0x40, 0x00, 0x40, 0x02, 0x49, 0x01, 0x48, 0x08, 0x60, 0x70, 0x47,
	0x78, 0x56, 0x34, 0x12, 0x00, 0x4c, 0x00, 0x40, 0x04, 0x49, 0x04, 0x22, 0x01, 0x28, 0x88, 0x68,
	0x02, 0xd0, 0x90, 0x43, 0x88, 0x60, 0x70, 0x47, 0x10, 0x43, 0xfb, 0xe7, 0x00, 0x40, 0x00, 0x40,
	0x01, 0x49, 0x08, 0x60, 0xff, 0x20, 0x70, 0x47, 0x00, 0x40, 0x00, 0x40, 0x02, 0x49, 0x01, 0x48,
	0x08, 0x60, 0x70, 0x47, 0x51, 0xe5, 0xcc, 0x1a, 0x00, 0x4c, 0x00, 0x40, 0xf8, 0xb5, 0x01, 0x24,
	0x52, 0x1e, 0x01, 0xe0, 0x64, 0x1c, 0x24, 0xb2, 0x65, 0x00, 0x45, 0x5f, 0x9d, 0x42, 0x01, 0xda,
	0x94, 0x42, 0xf7, 0xdb, 0x62, 0x00, 0x54, 0x18, 0x40, 0x3c, 0x3e, 0x25, 0x8e, 0x5a, 0x65, 0x5f,
	0x71, 0x1b, 0x0e, 0xb2, 0x11, 0x18, 0x40, 0x39, 0xcf, 0x8f, 0x80, 0x5a, 0xd9, 0x1b, 0xc0, 0x1b,
	0x02, 0xb2, 0x09, 0xb2, 0x00, 0x2a, 0x06, 0xd0, 0x30, 0x46, 0xf6, 0xf7, 0x29, 0xfe, 0xe1, 0x8f,
	0xfc, 0x08, 0x40, 0x00, 0x16, 0x12, 0x00, 0x02, 0x12, 0x00, 0x40, 0x00, 0x0b, 0x00, 0xb8, 0x0b,
	0x17, 0x00, 0x7a, 0x00, 0x02, 0x00, 0xf4, 0x01, 0x02, 0x00, 0xf4, 0x01, 0x4b, 0x00, 0x00, 0x00,
	0xc4, 0x09, 0xfc, 0x08, 0x4e, 0x11, 0xc8, 0x00, 0x38, 0xff, 0x38, 0xff, 0x01, 0x01, 0x46, 0x14,
	0x1e, 0x00, 0x00, 0x00, 0x00, 0x00, 0x00, 0x00, 0x00, 0x00, 0x00, 0x00, 0x00, 0x00, 0x00, 0x00,
	0x06, 0x01, 0xba, 0x09, 0xc4, 0x09, 0x01, 0x01, 0x02, 0x12, 0x02, 0x12, 0x02, 0x12, 0x02, 0x12,
	0x02, 0x12, 0x02, 0x12, 0x02, 0x12, 0x02, 0x12, 0x02, 0x12, 0x3a, 0x11, 0x3a, 0x11, 0x3a, 0x11,
	0x3a, 0x11, 0x3a, 0x11, 0x3a, 0x11, 0x3a, 0x11, 0x3a, 0x11, 0x3a, 0x11, 0x02, 0x00, 0x01, 0x0f,
	0xc0, 0x5d, 0xc8, 0x00, 0x04, 0x0a, 0xfc, 0xd6, 0x38, 0xff, 0x05, 0x00, 0xbc, 0x02, 0x58, 0x02,
	0x05, 0x02, 0x02, 0x00, 0xbc, 0x02, 0x58, 0x02, 0x88, 0xff, 0x9c, 0xff, 0x24, 0xff, 0x6a, 0xff,
	0x08, 0x07, 0xd0, 0x07, 0x08, 0x07, 0x02, 0x00, 0x30, 0x2a, 0xc4, 0x09, 0xe8, 0x03, 0x05, 0x00,
	0x02, 0x02, 0x20, 0x03, 0x8a, 0x02, 0xa2, 0xfe, 0x38, 0xff, 0x00, 0x00, 0x00, 0x00, 0x00, 0x00,
	0x00, 0x00, 0x00, 0x00, 0x00, 0x00, 0x00, 0x00, 0x00, 0x00, 0x00, 0x00, 0x00, 0x00, 0x00, 0x00,
	0x20, 0x11, 0x00, 0x00, 0x00, 0x40, 0x03, 0x3c, 0x00, 0x0a, 0xd0, 0x07, 0xdc, 0x05, 0x00, 0x00,
	0x00, 0x00, 0x00, 0x00, 0x00, 0x00, 0x5f, 0x5a, 0x55, 0x50, 0x3c, 0x1e, 0x05, 0x00, 0x00, 0x00,
	0x43, 0x67, 0xc8, 0x00, 0x0a, 0x00, 0x05, 0x00, 0x07, 0x00, 0x09, 0x00, 0x32, 0x00, 0x96, 0x00,
	0x32, 0x00, 0x0a, 0x00, 0xc8, 0x00, 0x64, 0x00, 0x05, 0x00, 0x2c, 0x01, 0x50, 0x00, 0x55, 0x00,
	0x5a, 0x00, 0x86, 0x0b, 0xb8, 0x0b, 0xea, 0x0b, 0x03, 0x00, 0x2c, 0x01, 0xf4, 0x01, 0x20, 0x03,
	0xea, 0x0b, 0xb8, 0x0b, 0x86, 0x0b, 0xce, 0xff, 0x32, 0x00, 0x96, 0x00, 0x86, 0x0b, 0xb8, 0x0b,
	0xea, 0x0b, 0x0a, 0x00, 0x14, 0x00, 0xfa, 0x00, 0x86, 0x0b, 0x4e, 0x0c, 0x0c, 0x0d, 0xe8, 0x03,
	0x5e, 0x01, 0xc2, 0x01, 0x00, 0x00, 0x22, 0x0b, 0x64, 0x00, 0xc8, 0x00, 0x2c, 0x01, 0xb8, 0x0b,
	0x1c, 0x0c, 0x80, 0x0c, 0xe4, 0x0c, 0x02, 0x00, 0x02, 0x00, 0x64, 0x00, 0x2c, 0x01, 0x20, 0x03,
	0x00, 0x00, 0x00, 0x00, 0x00, 0x00, 0x00, 0x00, 0x14, 0x1e, 0x28, 0x3c, 0x14, 0x1e, 0x28, 0x3c,
	0x00, 0x00, 0x00, 0x00, 0xc8, 0x00, 0x32, 0x00, 0xc8, 0x00, 0x30, 0x2a, 0xf4, 0x01, 0x00, 0x00,
	0x32, 0x00, 0xc8, 0x00, 0x32, 0x00, 0xdc, 0x00, 0x64, 0x00, 0x2c, 0x01, 0xf0, 0x0f, 0x54, 0x10,
	0xd0, 0x07, 0xc8, 0x00, 0x3c, 0x00, 0xb8, 0x0b, 0x10, 0x0e, 0x00, 0x00, 0xf0, 0x0a, 0x10, 0x0e,
	0x00, 0x00, 0x64, 0x00, 0xba, 0xff, 0x46, 0x00, 0x32, 0x00, 0x0a, 0x00, 0x08, 0x07, 0x00, 0x00,
	0x52, 0x02, 0x00, 0x00, 0x84, 0xf3, 0x00, 0x00, 0x82, 0x60, 0x21, 0x00, 0x4c, 0x04, 0x34, 0x00,
	0x30, 0x00, 0x50, 0x00, 0x46, 0x00, 0xc2, 0x01, 0xc8, 0x00, 0x40, 0x06, 0x78, 0x05, 0x32, 0x00,
	0xc8, 0x00, 0x00, 0x00, 0x1e, 0x00, 0x5f, 0x00, 0x60, 0x03, 0xe0, 0x10, 0x50, 0x46, 0x60, 0x09,
	0xc0, 0x03, 0x68, 0x01, 0x48, 0x00, 0x3c, 0x00, 0x05, 0x0f, 0x00, 0x00, 0x00, 0x00, 0x00, 0x00,
	0x00, 0x00, 0x00, 0x00, 0x00, 0x00, 0x00, 0x00, 0x00, 0x00, 0x00, 0x00, 0x00, 0x00, 0x00, 0x00,
	0x00, 0x00, 0x00, 0x00, 0x00, 0x00, 0x00, 0x00, 0x00, 0x00, 0x00, 0x00, 0x00, 0x00, 0x00, 0x9a,
	0xfa, 0x00, 0x78, 0x00, 0x64, 0x00, 0x05, 0x00, 0x3c, 0x00, 0xd0, 0x07, 0x32, 0x00, 0x00, 0x00,
	0x0a, 0x00, 0x00, 0x00, 0x00, 0x00, 0x00, 0x00, 0x00, 0x00, 0x00, 0x00, 0x00, 0x00, 0x00, 0x00,
	0x47, 0xee, 0x01, 0x00, 0xfa, 0x00, 0x90, 0x0e, 0x9f, 0x0e, 0x52, 0x0f, 0x62, 0x0f, 0xf4, 0x01,
	0xf0, 0x00, 0x07, 0x00, 0x05, 0x00, 0xf4, 0x01, 0x14, 0x00, 0xac, 0x0d, 0x28, 0x00, 0x02, 0x00,
	0xfa, 0x00, 0x00, 0x00, 0x00, 0x00, 0x00, 0x00, 0x04, 0x00, 0x00, 0x00, 0x00, 0x00, 0xfa, 0x00,
	0xf4, 0x01, 0x22, 0x15, 0x6a, 0x0e, 0x5a, 0x00, 0xfa, 0x00, 0x0a, 0x00, 0x32, 0x00, 0x75, 0x00,
	0xea, 0x0b, 0x28, 0x23, 0xa0, 0x0f, 0x96, 0x00, 0x64, 0x00, 0x96, 0x00, 0x64, 0x00, 0x50, 0x00,
	0x32, 0x00, 0x14, 0x00, 0xb0, 0x04, 0x20, 0x03, 0x58, 0x02, 0x0f, 0x00, 0xdc, 0x05, 0xf4, 0x01,
	0x96, 0x00, 0x00, 0x00, 0x9c, 0xff, 0x00, 0x00, 0x8c, 0x0a, 0x00, 0x00, 0x28, 0x00, 0x00, 0x00,
	0x19, 0x00, 0xf4, 0x01, 0x1e, 0x00, 0x64, 0x00, 0xf4, 0x01, 0xf4, 0x01, 0x20, 0x03, 0x00, 0x00,
	0xb8, 0x0b, 0x1c, 0x0c, 0x00, 0x00, 0x01, 0x00, 0x76, 0x11, 0x12, 0x11, 0x64, 0x00, 0x63, 0x00,
	0xb8, 0x0b, 0x1c, 0x0c, 0x06, 0x00, 0x08, 0x00, 0x76, 0x11, 0x12, 0x11, 0x64, 0x00, 0x63, 0x00,
	0x00, 0x00, 0x58, 0x02, 0x32, 0x00, 0x2c, 0x01, 0xf4, 0x01, 0xc8, 0x00, 0x64, 0x00, 0x0a, 0x00,
	0x78, 0x05, 0x32, 0x00, 0x05, 0x00, 0x0a, 0x00, 0x08, 0x07, 0x1e, 0x14, 0x01, 0x00, 0x70, 0x17,
	0x96, 0x00, 0x00, 0x00, 0x9c, 0xff, 0x1e, 0x00, 0x0f, 0x00, 0x05, 0x00, 0x05, 0x00, 0x05, 0x00,
	0x88, 0x13, 0xc8, 0x00, 0x00, 0x00, 0x00, 0x00, 0x00, 0x00, 0xde, 0x03, 0x00, 0x00, 0x00, 0x00,
	0xc8, 0x00, 0x50, 0x00, 0x1e, 0x00, 0x0a, 0x00, 0x0a, 0x00, 0x64, 0x00, 0x3c, 0x00, 0x50, 0x00,
	0x28, 0x00, 0x0b, 0x00, 0x5b, 0x00, 0x50, 0x00, 0x88, 0x13, 0x5c, 0x01, 0x88, 0x13, 0x5c, 0x01,
	0x14, 0x00, 0x64, 0x00, 0x58, 0x02, 0x26, 0x02, 0x90, 0x01, 0x00, 0x00, 0xce, 0xff, 0x9c, 0xff,
	0x6a, 0xff, 0xe8, 0x03, 0xe8, 0x03, 0xe8, 0x03, 0xe8, 0x03, 0xe8, 0x03, 0x32, 0x00, 0x32, 0x00,
	0x08, 0x07, 0x98, 0x08, 0x0a, 0x90, 0x01, 0x06, 0x00, 0x05, 0x0a, 0x14, 0xe0, 0x10, 0xf0, 0x0a,
	0x0a, 0x00, 0x1e, 0x60, 0x09, 0x0a, 0x0a, 0x1e, 0x0a, 0x00, 0x00, 0x00, 0x88, 0x13, 0x00, 0x00,
	0x76, 0x11, 0xae, 0x10, 0xc4, 0x09, 0x54, 0x0b, 0x3c, 0x37, 0xec, 0xf1, 0x01, 0x0a, 0x00, 0x00,
	0x00, 0x00, 0x00, 0x00, 0x00, 0x00, 0x00, 0x00, 0x00, 0x00, 0x00, 0x00, 0x00, 0x00, 0x00, 0x00,
	0xd0, 0x07, 0x64, 0x00, 0x09, 0x00, 0x05, 0x00, 0x14, 0x00, 0xcc, 0x10, 0x3c, 0x00, 0x3c, 0x00,
	0x00, 0x2f, 0x0d, 0x00, 0x10, 0x0e, 0x00, 0x01, 0x05, 0x0f, 0x05, 0x03, 0x05, 0x0a, 0x03, 0x00,
	0x0f, 0x00, 0x0a, 0x00, 0x64, 0x00, 0xc8, 0x00, 0x50, 0xc3, 0x3c, 0x00, 0x14, 0x00, 0x03, 0x00,
	0xe8, 0x03, 0x0a, 0x00, 0x00, 0x00, 0x00, 0x00, 0x00, 0x00, 0x00, 0x00, 0x00, 0x00, 0x00, 0x00,
	0x01, 0x48, 0xf4, 0x6a, 0xff, 0x32, 0x00, 0x5f, 0x03, 0x03, 0x2c, 0x01, 0x1e, 0x0a, 0x14, 0x58,
	0x02, 0x00, 0x00, 0x70, 0x17, 0x3c, 0x00, 0x48, 0xf4, 0x6a, 0xff, 0x05, 0x03, 0x03, 0x32, 0x00,
	0x00, 0x00, 0x00, 0x00, 0x00, 0x00, 0x00, 0x00, 0x00, 0x00, 0x00, 0x00, 0x00, 0x00, 0x00, 0x00,
	0x00, 0x00, 0x00, 0x00, 0x00, 0x00, 0x00, 0x00, 0x00, 0x00, 0x00, 0x00, 0x00, 0x00, 0x00, 0xe5,
	0x9c, 0xff, 0x00, 0x00, 0x32, 0x00, 0x64, 0x00, 0x96, 0x00, 0xc8, 0x00, 0x5e, 0x01, 0x90, 0x01,
	0xe0, 0x01, 0x58, 0x02, 0x0a, 0x00, 0x03, 0x00, 0x32, 0x00, 0x4b, 0x00, 0x01, 0x00, 0x00, 0x00,
	0x76, 0x11, 0x44, 0x11, 0x44, 0x11, 0x44, 0x11, 0x44, 0x11, 0x44, 0x11, 0x44, 0x11, 0x44, 0x11,
	0x44, 0x11, 0x44, 0x11, 0x34, 0x08, 0xb8, 0x0b, 0x00, 0x0f, 0x68, 0x10, 0x00, 0x00, 0x00, 0x00,
	0x9f, 0x01, 0x9f, 0x01, 0x03, 0x01, 0x22, 0x04, 0x22, 0x04, 0x0a, 0x03, 0x15, 0x06, 0x15, 0x06,
	0x22, 0x04, 0x54, 0x18, 0x54, 0x18, 0x46, 0x14, 0x54, 0x18, 0x54, 0x18, 0x54, 0x18, 0x54, 0x18,
	0x54, 0x18, 0x54, 0x18, 0x54, 0x18, 0x54, 0x18, 0x54, 0x18, 0x54, 0x18, 0x54, 0x18, 0x54, 0x18,
	0x23, 0x0a, 0x23, 0x0a, 0x00, 0x00, 0x5e, 0x01, 0x00, 0x00, 0x00, 0x00, 0x00, 0x00, 0x00, 0x00,
	0x64, 0x00, 0x2c, 0x01, 0x20, 0x03, 0x00, 0x00, 0x00, 0x00, 0x00, 0x00, 0x00, 0x14, 0x1e, 0x1e,
	0x00, 0x00, 0x00, 0x00, 0x00, 0x00, 0x00, 0x00, 0x00, 0x00, 0x00, 0x00, 0x00, 0x00, 0x00, 0x00,
	0x0a, 0x00, 0x0a, 0x00, 0x0a, 0x00, 0x0a, 0x00, 0x1e, 0x00, 0x1e, 0x00, 0x1e, 0x00, 0x1e, 0x00,
	0x32, 0x00, 0x32, 0x00, 0x32, 0x00, 0x32, 0x00, 0x78, 0x00, 0x78, 0x00, 0x78, 0x00, 0x78, 0x00,
	0xd6, 0x10, 0xfe, 0x10, 0x1c, 0x11, 0x44, 0x11, 0x09, 0x01, 0xd3, 0x00, 0xb1, 0x00, 0x93, 0x00,
	0x75, 0x00, 0x78, 0x00, 0x78, 0x00, 0x78, 0x00, 0x78, 0x00, 0xd6, 0x10, 0xfe, 0x10, 0x1c, 0x11,
	0x44, 0x11, 0x09, 0x01, 0xd3, 0x00, 0xb1, 0x00, 0x93, 0x00, 0x75, 0x00, 0x5e, 0x01, 0x23, 0x00,
	0x0b, 0x03, 0x28, 0x00, 0xa6, 0x03, 0x28, 0x00, 0xde, 0x04, 0x28, 0x00, 0x7d, 0x06, 0x28, 0x00,
	0x5f, 0x0a, 0x32, 0x00, 0x38, 0x22, 0x38, 0x22, 0x38, 0x22, 0x38, 0x22, 0x0a, 0x00, 0x50, 0x14,
	0x96, 0x00, 0x70, 0x44, 0x70, 0x44, 0x70, 0x44, 0x70, 0x44, 0x28, 0x00, 0x50, 0x14, 0x5e, 0x01,
	0xa8, 0x66, 0xa8, 0x66, 0xa8, 0x66, 0xa8, 0x66, 0x46, 0x00, 0x01, 0x0a, 0x00, 0x00, 0xf4, 0x01,
	0x68, 0x10, 0x2c, 0x01, 0x19, 0x00, 0xb8, 0x0b, 0x00, 0x00, 0x00, 0x00, 0x00, 0x00, 0x00, 0x00,
	0x64, 0x00, 0x64, 0x00, 0x30, 0x11, 0x0c, 0x00, 0x00, 0x00, 0x00, 0x00, 0x00, 0x00, 0x00, 0x00,
	0x00, 0x00, 0x00, 0x00, 0x00, 0x00, 0x00, 0x00, 0x00, 0x00, 0x00, 0x00, 0x00, 0x00, 0x00, 0x00,
	0x02, 0xb3, 0xa8, 0x5e, 0xa4, 0xc1, 0xa6, 0xdb, 0x6f, 0xbd, 0x1f, 0xd5, 0x76, 0x7c, 0x1a, 0x42,
	0x31, 0x4f, 0x37, 0xba, 0x7c, 0x94, 0x60, 0xc9, 0xed, 0x79, 0xa1, 0x2b, 0xb2, 0xb5, 0xd9, 0x9c,
	0x04, 0x10, 0x04, 0x10, 0x64, 0x00, 0x50, 0x00, 0x96, 0x00, 0x78, 0x00, 0x32, 0x00, 0x50, 0x00,
	0x32, 0x00, 0x50, 0x00, 0x0a, 0x00, 0x32, 0x00, 0x0a, 0x00, 0x14, 0x00, 0x0a, 0x00, 0x14, 0x00,
	0x03, 0x0f, 0x00, 0x00, 0xa8, 0xf7, 0x1b, 0x04, 0x40, 0x1f, 0xb8, 0x0b, 0x58, 0x02, 0x64, 0x00,
	0xc8, 0x00, 0x3c, 0x00, 0xc4, 0x09, 0x06, 0x07, 0x20, 0x4e, 0x98, 0x3a, 0x10, 0x27, 0x88, 0x13,
	0xb8, 0x0b, 0xd0, 0x07, 0xe8, 0x03, 0x20, 0x03, 0xf4, 0x01, 0xc8, 0x00, 0x64, 0x00, 0x50, 0x00,
	0x32, 0x00, 0x14, 0x00, 0x0a, 0x00, 0x08, 0x00, 0x05, 0x00, 0x03, 0x00, 0x02, 0x00, 0x01, 0x00,
	0x00, 0x00, 0x00, 0x00, 0x00, 0x00, 0x00, 0x00, 0x00, 0x00, 0x00, 0x00, 0x00, 0x00, 0x00, 0x00,
	0x00, 0x00, 0x00, 0x00, 0x00, 0x00, 0x00, 0x00, 0x00, 0x00, 0x00, 0x00, 0x00, 0x00, 0x00, 0x71,
	0x03, 0x96, 0x00, 0xc8, 0x00, 0x05, 0x9c, 0xff, 0x38, 0xff, 0x02, 0x38, 0xff, 0x02, 0x40, 0x7e,
	0x05, 0x00, 0x14, 0x00, 0x00, 0x00, 0x00, 0x00, 0x00, 0x00, 0x00, 0x00, 0x00, 0x00, 0x00, 0x00,
	0x32, 0x00, 0xc8, 0x00, 0x01, 0x01, 0x01, 0x01, 0x9c, 0xff, 0x64, 0x00, 0x10, 0x0e, 0x00, 0x00,
	0x80, 0x0c, 0x48, 0x00, 0x64, 0x00, 0x0a, 0x05, 0x0a, 0x14, 0x0a, 0x06, 0x00, 0x00, 0x00, 0x00,
	0x76, 0x11, 0x76, 0x11, 0x76, 0x11, 0x76, 0x11, 0x76, 0x11, 0x76, 0x11, 0x76, 0x11, 0x76, 0x11,
	0x64, 0x00, 0x2c, 0x01, 0xf4, 0x01, 0x20, 0x03, 0x00, 0x14, 0x1e, 0x1e, 0x1e, 0x02, 0x02, 0x02,
	0x02, 0x02, 0x19, 0x00, 0x19, 0x00, 0x19, 0x00, 0x19, 0x00, 0x19, 0x00, 0x0a, 0x00, 0x0a, 0x00,
	0x0a, 0x00, 0x0a, 0x00, 0x0a, 0x00, 0x0a, 0x00, 0xc8, 0x00, 0x64, 0x00, 0x10, 0x0e, 0x19, 0x00,
	0xaa, 0x55, 0x6e, 0x00, 0x2e, 0x09, 0x14, 0x00, 0xfa, 0x00, 0x5e, 0x01, 0x90, 0x01, 0xc2, 0x01,
	0x58, 0x02, 0xbc, 0x02, 0x20, 0x03, 0x0a, 0x00, 0x0c, 0x00, 0x64, 0x00, 0x1e, 0x00, 0x1e, 0x00,
	0x23, 0x00, 0x00, 0x00, 0x00, 0x00, 0x00, 0x00, 0x00, 0x00, 0x00, 0x00, 0x00, 0x00, 0x08, 0x07,
	0x62, 0x00, 0x0a, 0x00, 0xe0, 0x01, 0x64, 0x00, 0xc8, 0x00, 0x38, 0xff, 0x58, 0x02, 0xd4, 0xfe,
	0x10, 0x0e, 0x1e, 0x00, 0x14, 0x00, 0x05, 0x00, 0xec, 0xff, 0x3c, 0x00, 0x5a, 0x00, 0x5f, 0x00,
	0x58, 0x02, 0xe0, 0x01, 0x58, 0x02, 0x08, 0x07, 0xa0, 0x8c, 0x0a, 0x00, 0xb0, 0xff, 0x05, 0x00,
	0x20, 0x03, 0x50, 0x00, 0x5a, 0x00, 0x0a, 0x00, 0x40, 0x0b, 0xdc, 0x0a, 0x03, 0x00, 0x0a, 0x00,
	0x50, 0x46, 0x02, 0x00, 0x01, 0x00, 0x00, 0x00, 0x00, 0x00, 0x00, 0x00, 0x00, 0x00, 0x00, 0x00,
	0xf4, 0x01, 0x05, 0x00, 0x02, 0x00, 0x64, 0x00, 0x20, 0x1c, 0xf4, 0x01, 0x32, 0x00, 0x00, 0x00,
	0x00, 0x00, 0x00, 0x00, 0x00, 0x00, 0x00, 0x00, 0x00, 0x00, 0x00, 0x00, 0x00, 0x00, 0x00, 0x00,
	0x32, 0x00, 0x4e, 0x0c, 0x0f, 0x00, 0x64, 0x00, 0x9c, 0xff, 0x58, 0x02, 0xf4, 0x01, 0x00, 0x00,
	0x00, 0x00, 0x00, 0x00, 0x00, 0x00, 0x00, 0x00, 0x00, 0x00, 0x00, 0x00, 0x00, 0x00, 0x00, 0x00,
	0x70, 0x17, 0xf4, 0x01, 0x1c, 0x0c, 0xe4, 0x0c, 0xac, 0x0d, 0x5e, 0x01, 0x96, 0x00, 0x64, 0x00,
	0xc8, 0x00, 0xc8, 0x00, 0x14, 0x00, 0x46, 0x00, 0x80, 0x0c, 0xe4, 0x0c, 0x48, 0x0d, 0x00, 0x00,
	0xf4, 0x01, 0x0c, 0xfe, 0xb8, 0x0b, 0x64, 0x00, 0x32, 0x00, 0x40, 0x06, 0x78, 0x00, 0x8c, 0x0a,
	0x8c, 0x0a, 0x64, 0x00, 0x64, 0x00, 0x64, 0x00, 0x90, 0x01, 0xb8, 0x0b, 0x00, 0x00, 0x00, 0x00,
	0x90, 0x01, 0x20, 0x03, 0xb0, 0x04, 0x80, 0x0c, 0xe4, 0x0c, 0x48, 0x0d, 0x10, 0x0e, 0x00, 0x00,
	0x00, 0x00, 0x00, 0x00, 0x00, 0x00, 0x00, 0x00, 0x00, 0x00, 0x00, 0x00, 0x00, 0x00, 0x00, 0x00,
	0xc8, 0x00, 0xfa, 0x00, 0x2c, 0x01, 0x5e, 0x01, 0x90, 0x01, 0xc2, 0x01, 0xdf, 0x01, 0xd0, 0x07,
	0x30, 0x11, 0x2c, 0x01, 0x14, 0x19, 0x14, 0x1e, 0x9c, 0x32, 0x32, 0x14, 0x00, 0x00, 0x00, 0x00,
	0x00, 0x00, 0x00, 0x00, 0x00, 0x00, 0x00, 0x00, 0x00, 0x00, 0x00, 0x00, 0x00, 0x00, 0x00, 0x00,
	0x00, 0x00, 0x00, 0x00, 0x00, 0x00, 0x00, 0x00, 0x00, 0x00, 0x00, 0x00, 0x00, 0x00, 0x00, 0x00,
	0x00, 0x00, 0x00, 0x00, 0x00, 0x00, 0x00, 0x00, 0x00, 0x00, 0x00, 0x00, 0x00, 0x00, 0x00, 0x00,
	0x00, 0x00, 0x00, 0x00, 0x00, 0x00, 0x00, 0x00, 0x00, 0x00, 0x00, 0x00, 0x00, 0x00, 0x00, 0x86,
	0xff, 0xff, 0x00, 0x00, 0x00, 0x34, 0x00, 0x00, 0x00, 0x8c, 0x01, 0x00, 0x11, 0x83, 0x00, 0x00,
	0x00, 0x00, 0x00, 0x00, 0x00, 0x00, 0x00, 0x00, 0x00, 0x00, 0x00, 0x00, 0x00, 0x00, 0x00, 0x00,
	0xaa, 0x55, 0x00, 0xff, 0xaa, 0x55, 0x00, 0xff, 0x00, 0x00, 0x00, 0x00, 0x00, 0x00, 0x00, 0x00,
	0x00, 0x00, 0x00, 0x00, 0x00, 0x00, 0x00, 0x00, 0x00, 0x00, 0x00, 0x00, 0x00, 0x00, 0x00, 0x00,
	0x00, 0x00, 0x00, 0x00, 0x00, 0x00, 0x00, 0x00, 0x00, 0x00, 0x00, 0x00, 0x00, 0x00, 0x00, 0x00,
	0x00, 0x00, 0x00, 0x00, 0x00, 0x00, 0x00, 0x00, 0x00, 0x00, 0x00, 0x00, 0x00, 0x00, 0x00, 0x00,
	0x00, 0x00, 0x00, 0x00, 0x00, 0x00, 0x00, 0x00, 0x00, 0x00, 0x00, 0x00, 0x00, 0x00, 0x00, 0x00,
	0x00, 0x00, 0x00, 0x00, 0x00, 0x00, 0x00, 0x00, 0x00, 0x00, 0x00, 0x00, 0x00, 0x00, 0x00, 0x00,
	0x00, 0x00, 0x00, 0x00, 0x00, 0x00, 0x00, 0x00, 0x00, 0x00, 0x00, 0x00, 0x00, 0x00, 0x00, 0x00,
	0x00, 0x00, 0x00, 0x00, 0x00, 0x00, 0x00, 0x00, 0x00, 0x00, 0x00, 0x00, 0x00, 0x00, 0x00, 0x00,
	0x00, 0x00, 0x00, 0x00, 0x00, 0x00, 0x00, 0x00, 0x00, 0x00, 0x00, 0x00, 0x00, 0x00, 0x00, 0x00,
	0x00, 0x00, 0x00, 0x00, 0x00, 0x00, 0x00, 0x00, 0x00, 0x00, 0x00, 0x00, 0x00, 0x00, 0x00, 0x00,
	0x00, 0x00, 0x00, 0x00, 0x00, 0x00, 0x00, 0x00, 0x00, 0x00, 0x00, 0x00, 0x00, 0x00, 0x00, 0x00,
	0x00, 0x00, 0x00, 0x00, 0x00, 0x00, 0x00, 0x00, 0x00, 0x00, 0x00, 0x00, 0x00, 0x00, 0x00, 0x00,
	0x00, 0x00, 0x00, 0x00, 0x00, 0x00, 0x00, 0x00, 0x00, 0x00, 0x00, 0x00, 0x00, 0x00, 0x00, 0x00,
	0x00, 0x00, 0x00, 0x00, 0x00, 0x00, 0x00, 0x00, 0x00, 0x00, 0x00, 0x00, 0x00, 0x00, 0x00, 0x00,
	0x00, 0x00, 0x00, 0x00, 0x00, 0x00, 0x00, 0x00, 0x00, 0x00, 0x00, 0x00, 0x00, 0x00, 0x00, 0x00,
	0x00, 0x00, 0x00, 0x00, 0x00, 0x00, 0x00, 0x00, 0x00, 0x00, 0x00, 0x00, 0x00, 0x00, 0x00, 0x00,
	0x00, 0x00, 0x00, 0x00, 0x00, 0x00, 0x00, 0x00, 0x00, 0x00, 0x00, 0x00, 0x00, 0x00, 0x00, 0x00,
	0x00, 0x00, 0x00, 0x00, 0x00, 0x00, 0x00, 0x00, 0x00, 0x00, 0x00, 0x00, 0x00, 0x00, 0x00, 0x00,
	0x00, 0x00, 0x00, 0x00, 0x00, 0x00, 0x00, 0x00, 0x00, 0x00, 0x00, 0x00, 0x00, 0x00, 0x00, 0x00,
	0x00, 0x00, 0x00, 0x00, 0x00, 0x00, 0x00, 0x00, 0x00, 0x00, 0x00, 0x00, 0x00, 0x00, 0x00, 0x00,
	0x00, 0x00, 0x00, 0x00, 0x00, 0x00, 0x00, 0x00, 0x00, 0x00, 0x00, 0x00, 0x00, 0x00, 0x00, 0x00,
	0x00, 0x00, 0x00, 0x00, 0x00, 0x00, 0x00, 0x00, 0x00, 0x00, 0x00, 0x00, 0x00, 0x00, 0x00, 0x00,
	0x00, 0x00, 0x00, 0x00, 0x00, 0x00, 0x00, 0x00, 0x00, 0x00, 0x00, 0x00, 0x00, 0x00, 0x00, 0x00,
	0x00, 0x00, 0x00, 0x00, 0x00, 0x00, 0x00, 0x00, 0x00, 0x00, 0x00, 0x00, 0x00, 0x00, 0x00, 0x00,
	0x00, 0x00, 0x00, 0x00, 0x00, 0x00, 0x00, 0x00, 0x00, 0x00, 0x00, 0x00, 0x00, 0x00, 0x00, 0x00,
	0x00, 0x00, 0x00, 0x00, 0x00, 0x00, 0x00, 0x00, 0x00, 0x00, 0x00, 0x00, 0x00, 0x00, 0x00, 0x00,
	0x00, 0x00, 0x00, 0x00, 0x00, 0x00, 0x00, 0x00, 0x00, 0x00, 0x00, 0x00, 0x00, 0x00, 0x00, 0x00,
	0x00, 0x00, 0x00, 0x00, 0x00, 0x00, 0x00, 0x00, 0x00, 0x00, 0x00, 0x00, 0x00, 0x00, 0x00, 0x00,
	0x00, 0x00, 0x00, 0x00, 0x00, 0x00, 0x00, 0x00, 0x00, 0x00, 0x00, 0x00, 0x00, 0x00, 0x00, 0x00,
	0x00, 0x00, 0x00, 0x00, 0x00, 0x00, 0x00, 0x00, 0x00, 0x00, 0x00, 0x00, 0x00, 0x00, 0x00, 0x00,
	0x30, 0x1e, 0x00, 0x20, 0x05, 0x41, 0x00, 0x00, 0x0d, 0xef, 0x00, 0x00, 0x45, 0xd0, 0x00, 0x00,
	0x00, 0x00, 0x00, 0x00, 0x00, 0x00, 0x00, 0x00, 0x00, 0x00, 0x00, 0x00, 0x00, 0x00, 0x00, 0x00,
	0x00, 0x00, 0x00, 0x00, 0x00, 0x00, 0x00, 0x00, 0x00, 0x00, 0x00, 0x00, 0xfd, 0x16, 0x01, 0x00,
	0x00, 0x00, 0x00, 0x00, 0x00, 0x00, 0x00, 0x00, 0x7d, 0xf3, 0x00, 0x00, 0x1d, 0x28, 0x01, 0x00,
	0x45, 0x95, 0x00, 0x00, 0x41, 0xda, 0x00, 0x00, 0xed, 0x44, 0x00, 0x00, 0xe9, 0x91, 0x00, 0x00,
	0xf1, 0x87, 0x00, 0x00, 0x5d, 0xd6, 0x00, 0x00, 0x55, 0x4a, 0x01, 0x00, 0x0d, 0xcc, 0x00, 0x00,
	0x7d, 0x42, 0x00, 0x00, 0x75, 0x71, 0x00, 0x00, 0x00, 0x00, 0x00, 0x00, 0x00, 0x00, 0x00, 0x00,
	0x00, 0x00, 0x00, 0x00, 0x00, 0x00, 0x00, 0x00, 0x00, 0x00, 0x00, 0x00, 0x00, 0x00, 0x00, 0x00,
	0x00, 0x00, 0x00, 0x00, 0x00, 0x00, 0x00, 0x00, 0x00, 0x00, 0x00, 0x00, 0x00, 0x00, 0x00, 0x00,
	0x00, 0x00, 0x00, 0x00, 0x00, 0x00, 0x00, 0x00, 0x00, 0x00, 0x00, 0x00, 0x00, 0x00, 0x00, 0x00,
	0x00, 0x00, 0x00, 0x00, 0x00, 0x00, 0x00, 0x00, 0x00, 0x00, 0x00, 0x00, 0x00, 0x00, 0x00, 0x00,
	0x00, 0x00, 0x00, 0x00, 0x00, 0x00, 0x00, 0x00, 0x00, 0x00, 0x00, 0x00, 0x00, 0x00, 0x00, 0x00,
	0x03, 0x48, 0x85, 0x46, 0x00, 0xf0, 0xe0, 0xfc, 0x00, 0x48, 0x00, 0x47, 0xa1, 0x67, 0x01, 0x00,
	0x30, 0x1e, 0x00, 0x20, 0x30, 0xb5, 0x0b, 0x46, 0x01, 0x46, 0x00, 0x20, 0x20, 0x22, 0x01, 0x24,
	0x09, 0xe0, 0x0d, 0x46, 0xd5, 0x40, 0x9d, 0x42, 0x05, 0xd3, 0x1d, 0x46, 0x95, 0x40, 0x49, 0x1b,
	0x25, 0x46, 0x95, 0x40, 0x40, 0x19, 0x15, 0x46, 0x52, 0x1e, 0x00, 0x2d, 0xf1, 0xdc, 0x30, 0xbd,
	0x70, 0xb5, 0x00, 0x24, 0x25, 0x46, 0x00, 0x28, 0x01, 0xda, 0x01, 0x24, 0x40, 0x42, 0x00, 0x29,
	0x01, 0xda, 0x01, 0x25, 0x49, 0x42, 0xff, 0xf7, 0xdd, 0xff, 0xac, 0x42, 0x00, 0xd0, 0x40, 0x42,
	0x00, 0x2c, 0x00, 0xd0, 0x49, 0x42, 0x70, 0xbd, 0xf0, 0xb5, 0x1f, 0xb4, 0x06, 0x46, 0x00, 0x20,
	0x82, 0xb0, 0x05, 0x46, 0x40, 0x24, 0x01, 0x91, 0x00, 0x90, 0x1b, 0xe0, 0x01, 0x99, 0x22, 0x46,
	0x0f, 0x46, 0x30, 0x46, 0x00, 0xf0, 0x93, 0xf8, 0x04, 0x9a, 0x05, 0x9b, 0x80, 0x1a, 0x99, 0x41,
	0x10, 0xd3, 0x10, 0x46, 0x19, 0x46, 0x22, 0x46, 0x00, 0xf0, 0x79, 0xf8, 0x36, 0x1a, 0x8f, 0x41,
	0x01, 0x97, 0x22, 0x46, 0x01, 0x20, 0x00, 0x21, 0x00, 0x9f, 0x00, 0xf0, 0x70, 0xf8, 0x38, 0x18,
	0x4d, 0x41, 0x00, 0x90, 0x20, 0x46, 0x64, 0x1e, 0x00, 0x28, 0xdf, 0xdc, 0x01, 0x9b, 0x00, 0x98,
	0x29, 0x46, 0x32, 0x46, 0x07, 0xb0, 0xf0, 0xbd, 0xf8, 0xb5, 0x00, 0x24, 0x25, 0x46, 0x00, 0x29,
	0x04, 0xda, 0x0e, 0x46, 0x01, 0x24, 0x00, 0x21, 0x40, 0x42, 0xb1, 0x41, 0x00, 0x2b, 0x04, 0xda,
	0x1e, 0x46, 0x00, 0x23, 0x52, 0x42, 0x01, 0x25, 0xb3, 0x41, 0xff, 0xf7, 0xbd, 0xff, 0x8c, 0x46,
	0x17, 0x46, 0x1e, 0x46, 0xac, 0x42, 0x03, 0xd0, 0x00, 0x25, 0x40, 0x42, 0x8d, 0x41, 0xac, 0x46,
	0x00, 0x2c, 0x02, 0xd0, 0x00, 0x26, 0x57, 0x42, 0x9e, 0x41, 0x61, 0x46, 0x3a, 0x46, 0x33, 0x46,
	0x01, 0xb0, 0xf0, 0xbd, 0xf0, 0xb5, 0x1f, 0xb4, 0x86, 0xb0, 0x00, 0x20, 0x00, 0x90, 0x01, 0x90,
	0x02, 0x90, 0x06, 0x98, 0x06, 0x99, 0x80, 0xb2, 0x04, 0x90, 0x07, 0x98, 0x09, 0x0c, 0x02, 0x04,
	0x00, 0x14, 0x11, 0x43, 0x07, 0x90, 0x00, 0x27, 0x08, 0x9d, 0x09, 0x98, 0x06, 0x91, 0x3e, 0x46,
	0x28, 0x68, 0x40, 0x00, 0x40, 0x08, 0x28, 0x60, 0x30, 0x68, 0x01, 0x21, 0xc9, 0x07, 0x08, 0x43,
	0x30, 0x60, 0x40, 0x20, 0x67, 0xe7, 0x00, 0x00, 0x00, 0x70, 0x00, 0x40, 0xa4, 0x05, 0x00, 0x20,
	0x40, 0x02, 0x00, 0x20, 0x34, 0x09, 0x00, 0x20, 0x1f, 0x07, 0x00, 0x20, 0xe0, 0xe0, 0x01, 0x00,
	0x0e, 0xb5, 0x01, 0x21, 0x08, 0x02, 0x04, 0xf0, 0xbf, 0xff, 0x00, 0x23, 0x68, 0x46, 0x0b, 0x49,
	0x03, 0x71, 0x88, 0x7e, 0xc9, 0x7e, 0x41, 0x18, 0xff, 0x29, 0x05, 0xd1, 0xc1, 0x07, 0x03, 0xd1,
	0x00, 0x28, 0x01, 0xd0, 0x40, 0x08, 0x00, 0xe0, 0x55, 0x20, 0x00, 0x90, 0x68, 0x46, 0x43, 0x71,
	0xe3, 0x22, 0x01, 0x99, 0x00, 0x98, 0x08, 0xf0, 0x2b, 0xfd, 0x0e, 0xbd, 0xe0, 0xe0, 0x01, 0x00,
	0x10, 0xb5, 0x10, 0x4c, 0x20, 0x88, 0x40, 0x06, 0x07, 0xd5, 0x0f, 0x48, 0x41, 0x7a, 0x02, 0x7a,
	0x08, 0x02, 0x10, 0x43, 0x01, 0xd0, 0x09, 0xf0, 0xaf, 0xff, 0x20, 0x88, 0x40, 0x06, 0x0c, 0xd5,
	0x02, 0xf0, 0x06, 0xf8, 0x08, 0xf0, 0xb0, 0xfb, 0x08, 0x48, 0x81, 0x7b, 0x01, 0x29, 0x05, 0xd0,
	0x00, 0x7c, 0x01, 0x28, 0x01, 0xd1, 0x07, 0xf0, 0xbb, 0xff, 0x10, 0xbd, 0x08, 0xf0, 0xe0, 0xfb,
	0x10, 0xbd, 0x00, 0x00, 0xe4, 0x04, 0x00, 0x20, 0xa0, 0xe5, 0x01, 0x00, 0x90, 0x08, 0x00, 0x20,
	0x10, 0xb5, 0x01, 0x21, 0x88, 0x02, 0x04, 0xf0, 0x77, 0xff, 0x00, 0xf0, 0x3f, 0xf8, 0x00, 0xf0,
	0x1b, 0xf8, 0xff, 0x20, 0x80, 0x02, 0x00, 0xf0, 0x33, 0xf8, 0x01, 0x20, 0x00, 0xf0, 0x24, 0xf8,
	0x01, 0x20, 0x00, 0xf0, 0x03, 0xf8, 0x00, 0xf0, 0x17, 0xf8, 0x10, 0xbd, 0x05, 0x49, 0x01, 0x28,
	0x88, 0x68, 0x03, 0xd0, 0x40, 0x08, 0x40, 0x00, 0x88, 0x60, 0x70, 0x47, 0x01, 0x22, 0x10, 0x43,
	0xfa, 0xe7, 0x00, 0x00, 0x00, 0x40, 0x00, 0x40, 0x00, 0x20, 0x02, 0x49, 0xc0, 0x43, 0xc8, 0x60,
	0x70, 0x47, 0x00, 0x00, 0x00, 0x40, 0x00, 0x40, 0x02, 0x49, 0x01, 0x48, 0x08, 0x60, 0x70, 0x47,
	0x78, 0x56, 0x34, 0x12, 0x00, 0x4c, 0x00, 0x40, 0x04, 0x49, 0x04, 0x22, 0x01, 0x28, 0x88, 0x68,
	0x02, 0xd0, 0x90, 0x43, 0x88, 0x60, 0x70, 0x47, 0x10, 0x43, 0xfb, 0xe7, 0x00, 0x40, 0x00, 0x40,
	0x01, 0x49, 0x08, 0x60, 0xff, 0x20, 0x70, 0x47, 0x00, 0x40, 0x00, 0x40, 0x02, 0x49, 0x01, 0x48,
	0x08, 0x60, 0x70, 0x47, 0x51, 0xe5, 0xcc, 0x1a, 0x00, 0x4c, 0x00, 0x40, 0xf8, 0xb5, 0x01, 0x24,
	0x52, 0x1e, 0x01, 0xe0, 0x64, 0x1c, 0x24, 0xb2, 0x65, 0x00, 0x45, 0x5f, 0x9d, 0x42, 0x01, 0xda,
	0x94, 0x42, 0xf7, 0xdb, 0x62, 0x00, 0x54, 0x18, 0x40, 0x3c, 0x3e, 0x25, 0x8e, 0x5a, 0x65, 0x5f,
	0x71, 0x1b, 0x0e, 0xb2, 0x11, 0x18, 0x40, 0x39, 0xcf, 0x8f, 0x80, 0x5a, 0xd9, 0x1b, 0xc0, 0x1b,
	0x02, 0xb2, 0x09, 0xb2, 0x00, 0x2a, 0x06, 0xd0, 0x30, 0x46, 0xf6, 0xf7, 0x59, 0xfe, 0xe1, 0x8f,
	0x40, 0x18, 0x00, 0xb2, 0xf8, 0xbd, 0x28, 0x46, 0xf8, 0xbd, 0x00, 0x00, 0x70, 0xb5, 0x16, 0x46,
	0x0a, 0x46, 0x00, 0x24, 0x9b, 0x1e, 0x04, 0x99, 0x01, 0xe0, 0x64, 0x1c, 0x24, 0xb2, 0xa5, 0x00,
	0x45, 0x59, 0x8d, 0x42, 0x01, 0xd2, 0x9c, 0x42, 0xf7, 0xdb, 0x33, 0x46, 0x63, 0x43, 0x9a, 0x18,
	0x15, 0xb2, 0xa4, 0x00, 0x02, 0x59, 0x20, 0x18, 0x40, 0x68, 0x8b, 0x1a, 0x82, 0x1a, 0x04, 0xd0,
	0x31, 0x46, 0x18, 0x46, 0xf6, 0xf7, 0x34, 0xfe, 0x45, 0x19, 0x04, 0x48, 0x85, 0x42, 0x02, 0xdb,
	0x40, 0x0c, 0x85, 0x42, 0x00, 0xdd, 0x05, 0x46, 0x28, 0xb2, 0x70, 0xbd, 0x00, 0x80, 0xff, 0xff,
	0xfc, 0x08, 0x40, 0x00, 0x16, 0x12, 0x00, 0x02, 0x12, 0x00, 0x40, 0x00, 0x0b, 0x00, 0xb8, 0x0b,
	0x17, 0x00, 0x7a, 0x00, 0x02, 0x00, 0xf4, 0x01, 0x02, 0x00, 0xf4, 0x01, 0x4b, 0x00, 0x00, 0x00,
	0xf0, 0x0a, 0xfc, 0x08, 0x4e, 0x11, 0xc8, 0x00, 0x38, 0xff, 0x38, 0xff, 0x01, 0x01, 0x46, 0x14,
	0x1e, 0x00, 0x00, 0x00, 0x00, 0x00, 0x00, 0x00, 0x00, 0x00, 0x00, 0x00, 0x00, 0x00, 0x00, 0x00,
	0x06, 0x01, 0xc4, 0x09, 0x8c, 0x0a, 0x01, 0x01, 0x02, 0x12, 0x02, 0x12, 0x02, 0x12, 0x02, 0x12,
	0x02, 0x12, 0x02, 0x12, 0x02, 0x12, 0x02, 0x12, 0x02, 0x12, 0x3a, 0x11, 0x3a, 0x11, 0x3a, 0x11,
	0x3a, 0x11, 0x3a, 0x11, 0x3a, 0x11, 0x3a, 0x11, 0x3a, 0x11, 0x3a, 0x11, 0x02, 0x00, 0x01, 0x0f,
	0xc0, 0x5d, 0xc8, 0x00, 0x04, 0x0a, 0xfc, 0xd6, 0x38, 0xff, 0x05, 0x00, 0xbc, 0x02, 0x58, 0x02,
	0x05, 0x02, 0x02, 0x00, 0xbc, 0x02, 0x58, 0x02, 0x88, 0xff, 0x9c, 0xff, 0x24, 0xff, 0x6a, 0xff,
	0x08, 0x07, 0xd0, 0x07, 0x08, 0x07, 0x02, 0x00, 0x30, 0x2a, 0xc4, 0x09, 0xe8, 0x03, 0x05, 0x00,
	0x02, 0x02, 0x20, 0x03, 0x8a, 0x02, 0xa2, 0xfe, 0x38, 0xff, 0x00, 0x00, 0x00, 0x00, 0x00, 0x00,
	0x00, 0x00, 0x00, 0x00, 0x00, 0x00, 0x00, 0x00, 0x00, 0x00, 0x00, 0x00, 0x00, 0x00, 0x00, 0x00,
	0x20, 0x11, 0x00, 0x00, 0x00, 0x40, 0x03, 0x3c, 0x00, 0x0a, 0xd0, 0x07, 0xdc, 0x05, 0x00, 0x00,
	0x00, 0x00, 0x00, 0x00, 0x00, 0x00, 0x5f, 0x5a, 0x55, 0x50, 0x3c, 0x1e, 0x05, 0x00, 0x00, 0x00,
	0x43, 0x67, 0xc8, 0x00, 0x0a, 0x00, 0x05, 0x00, 0x07, 0x00, 0x09, 0x00, 0x32, 0x00, 0x96, 0x00,
	0x32, 0x00, 0x0a, 0x00, 0xc8, 0x00, 0x64, 0x00, 0x05, 0x00, 0x2c, 0x01, 0x50, 0x00, 0x55, 0x00,
	0x5a, 0x00, 0x86, 0x0b, 0xb8, 0x0b, 0xea, 0x0b, 0x03, 0x00, 0x2c, 0x01, 0xf4, 0x01, 0x20, 0x03,
	0xea, 0x0b, 0xb8, 0x0b, 0x86, 0x0b, 0xce, 0xff, 0x32, 0x00, 0x96, 0x00, 0x86, 0x0b, 0xb8, 0x0b,
	0xea, 0x0b, 0x0a, 0x00, 0x14, 0x00, 0xfa, 0x00, 0xea, 0x0b, 0x4e, 0x0c, 0xb2, 0x0c, 0xe8, 0x03,
	0x5e, 0x01, 0xc2, 0x01, 0x00, 0x00, 0x22, 0x0b, 0x64, 0x00, 0xc8, 0x00, 0x2c, 0x01, 0xb8, 0x0b,
	0x1c, 0x0c, 0x80, 0x0c, 0xe4, 0x0c, 0x02, 0x00, 0x02, 0x00, 0x64, 0x00, 0x2c, 0x01, 0x20, 0x03,
	0x00, 0x00, 0x00, 0x00, 0x00, 0x00, 0x00, 0x00, 0x14, 0x1e, 0x28, 0x3c, 0x14, 0x1e, 0x28, 0x3c,
	0x00, 0x00, 0x00, 0x00, 0xc8, 0x00, 0x32, 0x00, 0xc8, 0x00, 0x30, 0x2a, 0xf4, 0x01, 0x00, 0x00,
	0x32, 0x00, 0xc8, 0x00, 0x32, 0x00, 0xdc, 0x00, 0x64, 0x00, 0x2c, 0x01, 0xf0, 0x0f, 0x54, 0x10,
	0xd0, 0x07, 0xc8, 0x00, 0x3c, 0x00, 0xb8, 0x0b, 0x10, 0x0e, 0x00, 0x00, 0xf0, 0x0a, 0x10, 0x0e,
	0x00, 0x00, 0x64, 0x00, 0xba, 0xff, 0x46, 0x00, 0x32, 0x00, 0x0a, 0x00, 0x08, 0x07, 0x00, 0x00,
	0x52, 0x02, 0x00, 0x00, 0x84, 0xf3, 0x00, 0x00, 0x82, 0x60, 0x21, 0x00, 0x4c, 0x04, 0x34, 0x00,
	0x30, 0x00, 0x50, 0x00, 0x46, 0x00, 0xc2, 0x01, 0xc8, 0x00, 0x40, 0x06, 0x78, 0x05, 0x32, 0x00,
	0xc8, 0x00, 0x00, 0x00, 0x1e, 0x00, 0x5f, 0x00, 0x60, 0x03, 0xe0, 0x10, 0x50, 0x46, 0x60, 0x09,
	0xc0, 0x03, 0x68, 0x01, 0x48, 0x00, 0x3c, 0x00, 0x05, 0x0f, 0x01, 0x00, 0x00, 0x00, 0x00, 0x00,
	0x00, 0x00, 0x00, 0x00, 0x00, 0x00, 0x00, 0x00, 0x00, 0x00, 0x00, 0x00, 0x00, 0x00, 0x00, 0x00,
	0x00, 0x00, 0x00, 0x00, 0x00, 0x00, 0x00, 0x00, 0x00, 0x00, 0x00, 0x00, 0x00, 0x00, 0x00, 0x10,
	0xfa, 0x00, 0x78, 0x00, 0x64, 0x00, 0x05, 0x00, 0x3c, 0x00, 0xd0, 0x07, 0x32, 0x00, 0x00, 0x00,
	0x0a, 0x00, 0x00, 0x00, 0x00, 0x00, 0x00, 0x00, 0x00, 0x00, 0x00, 0x00, 0x00, 0x00, 0x00, 0x00,
	0x47, 0xee, 0x01, 0x00, 0xfa, 0x00, 0x90, 0x0e, 0x9f, 0x0e, 0x52, 0x0f, 0x62, 0x0f, 0xf4, 0x01,
	0xf0, 0x00, 0x07, 0x00, 0x05, 0x00, 0xf4, 0x01, 0x14, 0x00, 0xac, 0x0d, 0x28, 0x00, 0x02, 0x00,
	0xfa, 0x00, 0x00, 0x00, 0x00, 0x00, 0x00, 0x00, 0x04, 0x00, 0x00, 0x00, 0x00, 0x00, 0xfa, 0x00,
	0xf4, 0x01, 0x70, 0x17, 0xe2, 0x0e, 0x5a, 0x00, 0xfa, 0x00, 0x0a, 0x00, 0x32, 0x00, 0x00, 0x00,
	0xea, 0x0b, 0x28, 0x23, 0xa0, 0x0f, 0x96, 0x00, 0x64, 0x00, 0x96, 0x00, 0x64, 0x00, 0x50, 0x00,
	0x32, 0x00, 0x14, 0x00, 0xb0, 0x04, 0x20, 0x03, 0x58, 0x02, 0x0f, 0x00, 0xdc, 0x05, 0xf4, 0x01,
	0x96, 0x00, 0x00, 0x00, 0x9c, 0xff, 0x00, 0x00, 0x8c, 0x0a, 0x00, 0x00, 0x28, 0x00, 0x00, 0x00,
	0x19, 0x00, 0xf4, 0x01, 0x1e, 0x00, 0x64, 0x00, 0xf4, 0x01, 0xf4, 0x01, 0x20, 0x03, 0x00, 0x00,
	0xb8, 0x0b, 0x1c, 0x0c, 0x00, 0x00, 0x01, 0x00, 0xda, 0x11, 0x76, 0x11, 0x64, 0x00, 0x63, 0x00,
	0xb8, 0x0b, 0x1c, 0x0c, 0x06, 0x00, 0x08, 0x00, 0xda, 0x11, 0x76, 0x11, 0x64, 0x00, 0x63, 0x00,
	0x00, 0x00, 0x58, 0x02, 0x32, 0x00, 0x2c, 0x01, 0xf4, 0x01, 0xc8, 0x00, 0x64, 0x00, 0x0a, 0x00,
	0x78, 0x05, 0x32, 0x00, 0x05, 0x00, 0x0a, 0x00, 0x08, 0x07, 0x90, 0x15, 0x01, 0x00, 0x70, 0x17,
	0x96, 0x00, 0x00, 0x00, 0x9c, 0xff, 0x1e, 0x00, 0x0f, 0x00, 0x05, 0x00, 0x05, 0x00, 0x05, 0x00,
	0x88, 0x13, 0xc8, 0x00, 0x00, 0x00, 0x00, 0x00, 0x00, 0x00, 0xde, 0x03, 0x00, 0x00, 0x00, 0x00,
	0xc8, 0x00, 0x50, 0x00, 0x1e, 0x00, 0x0a, 0x00, 0x0a, 0x00, 0x64, 0x00, 0x3c, 0x00, 0x50, 0x00,
	0x28, 0x00, 0x0b, 0x00, 0x5b, 0x00, 0x50, 0x00, 0x88, 0x13, 0x5c, 0x01, 0x88, 0x13, 0x5c, 0x01,
	0x14, 0x00, 0x64, 0x00, 0x58, 0x02, 0x26, 0x02, 0x90, 0x01, 0x00, 0x00, 0xce, 0xff, 0x9c, 0xff,
	0x6a, 0xff, 0xe8, 0x03, 0xe8, 0x03, 0xe8, 0x03, 0xe8, 0x03, 0xe8, 0x03, 0x32, 0x00, 0x32, 0x00,
	0x08, 0x07, 0x98, 0x08, 0x0a, 0x90, 0x01, 0x06, 0x00, 0x05, 0x0a, 0x14, 0xe0, 0x10, 0xf0, 0x0a,
	0x0a, 0x00, 0x1e, 0x60, 0x09, 0x0a, 0x0a, 0x1e, 0x0a, 0x00, 0x00, 0x00, 0x88, 0x13, 0x00, 0x00,
	0xda, 0x11, 0x12, 0x11, 0xc4, 0x09, 0x54, 0x0b, 0x3c, 0x37, 0xec, 0xf1, 0x01, 0x0a, 0x00, 0x00,
	0x00, 0x00, 0x00, 0x00, 0x00, 0x00, 0x00, 0x00, 0x00, 0x00, 0x00, 0x00, 0x00, 0x00, 0x00, 0x00,
	0xd0, 0x07, 0x64, 0x00, 0x09, 0x00, 0x05, 0x00, 0x14, 0x00, 0xcc, 0x10, 0x3c, 0x00, 0x3c, 0x00,
	0x00, 0x2f, 0x0d, 0x00, 0x10, 0x0e, 0x00, 0x01, 0x05, 0x0f, 0x05, 0x03, 0x05, 0x0a, 0x03, 0x00,
	0x0f, 0x00, 0x0a, 0x00, 0x64, 0x00, 0xc8, 0x00, 0x50, 0xc3, 0x3c, 0x00, 0x14, 0x00, 0x03, 0x00,
	0xe8, 0x03, 0x0a, 0x00, 0x00, 0x00, 0x00, 0x00, 0x00, 0x00, 0x00, 0x00, 0x00, 0x00, 0x00, 0x00,
	0x01, 0x48, 0xf4, 0x6a, 0xff, 0x32, 0x00, 0x5f, 0x03, 0x03, 0x2c, 0x01, 0x1e, 0x0a, 0x14, 0x58,
	0x02, 0x00, 0x00, 0x70, 0x17, 0x3c, 0x00, 0x48, 0xf4, 0x6a, 0xff, 0x05, 0x03, 0x03, 0x32, 0x00,
	0x00, 0x00, 0x00, 0x00, 0x00, 0x00, 0x00, 0x00, 0x00, 0x00, 0x00, 0x00, 0x00, 0x00, 0x00, 0x00,
	0x00, 0x00, 0x00, 0x00, 0x00, 0x00, 0x00, 0x00, 0x00, 0x00, 0x00, 0x00, 0x00, 0x00, 0x00, 0x6b,
	0x9c, 0xff, 0x00, 0x00, 0x32, 0x00, 0x64, 0x00, 0x96, 0x00, 0xc8, 0x00, 0x5e, 0x01, 0x90, 0x01,
	0xe0, 0x01, 0x58, 0x02, 0x0a, 0x00, 0x03, 0x00, 0x32, 0x00, 0x4b, 0x00, 0x01, 0x00, 0x00, 0x00,
	0xda, 0x11, 0xa8, 0x11, 0xa8, 0x11, 0xa8, 0x11, 0xa8, 0x11, 0x94, 0x11, 0x94, 0x11, 0x94, 0x11,
	0x94, 0x11, 0xa8, 0x11, 0x34, 0x08, 0xb8, 0x0b, 0x00, 0x0f, 0x68, 0x10, 0x00, 0x00, 0x00, 0x00,
	0xce, 0x01, 0xce, 0x01, 0x21, 0x01, 0x84, 0x04, 0x84, 0x04, 0x63, 0x03, 0xc6, 0x06, 0xc6, 0x06,
	0x84, 0x04, 0x18, 0x1b, 0x18, 0x1b, 0x94, 0x16, 0x18, 0x1b, 0x18, 0x1b, 0x18, 0x1b, 0x18, 0x1b,
	0x18, 0x1b, 0x18, 0x1b, 0x18, 0x1b, 0x18, 0x1b, 0x18, 0x1b, 0x18, 0x1b, 0x18, 0x1b, 0x18, 0x1b,
	0x4a, 0x0b, 0x4a, 0x0b, 0x00, 0x00, 0x5e, 0x01, 0x00, 0x00, 0x00, 0x00, 0x00, 0x00, 0x00, 0x00,
	0x64, 0x00, 0x2c, 0x01, 0x20, 0x03, 0x00, 0x00, 0x00, 0x00, 0x00, 0x00, 0x00, 0x14, 0x1e, 0x1e,
	0x00, 0x00, 0x00, 0x00, 0x00, 0x00, 0x00, 0x00, 0x00, 0x00, 0x00, 0x00, 0x00, 0x00, 0x00, 0x00,
	0x0a, 0x00, 0x0a, 0x00, 0x0a, 0x00, 0x0a, 0x00, 0x1e, 0x00, 0x1e, 0x00, 0x1e, 0x00, 0x1e, 0x00,
	0x32, 0x00, 0x32, 0x00, 0x32, 0x00, 0x32, 0x00, 0x78, 0x00, 0x78, 0x00, 0x78, 0x00, 0x78, 0x00,
	0xd6, 0x10, 0xfe, 0x10, 0x30, 0x11, 0x94, 0x11, 0x09, 0x01, 0xd3, 0x00, 0xb1, 0x00, 0x93, 0x00,
	0x75, 0x00, 0x78, 0x00, 0x78, 0x00, 0x78, 0x00, 0x78, 0x00, 0xd6, 0x10, 0xfe, 0x10, 0x30, 0x11,
	0x94, 0x11, 0x09, 0x01, 0xd3, 0x00, 0xb1, 0x00, 0x93, 0x00, 0x75, 0x00, 0x86, 0x01, 0x23, 0x00,
	0xef, 0x02, 0x28, 0x00, 0x9d, 0x03, 0x28, 0x00, 0x4a, 0x04, 0x28, 0x00, 0x19, 0x06, 0x28, 0x00,
	0x5f, 0x0a, 0x32, 0x00, 0x38, 0x22, 0x38, 0x22, 0x38, 0x22, 0x38, 0x22, 0x0a, 0x00, 0x50, 0x14,
	0x96, 0x00, 0x70, 0x44, 0x70, 0x44, 0x70, 0x44, 0x70, 0x44, 0x28, 0x00, 0x50, 0x14, 0x5e, 0x01,
	0xa8, 0x66, 0xa8, 0x66, 0xa8, 0x66, 0xa8, 0x66, 0x46, 0x00, 0x01, 0x0a, 0x00, 0x00, 0xf4, 0x01,
	0x68, 0x10, 0x2c, 0x01, 0x19, 0x00, 0xb8, 0x0b, 0x00, 0x00, 0x00, 0x00, 0x00, 0x00, 0x00, 0x00,
	0x64, 0x00, 0x64, 0x00, 0x30, 0x11, 0x0c, 0x00, 0x00, 0x00, 0x00, 0x00, 0x00, 0x00, 0x00, 0x00,
	0x00, 0x00, 0x00, 0x00, 0x00, 0x00, 0x00, 0x00, 0x00, 0x00, 0x00, 0x00, 0x00, 0x00, 0x00, 0x00,
	0x02, 0xb3, 0xa8, 0x5e, 0xa4, 0xc1, 0xa6, 0xdb, 0x6f, 0xbd, 0x1f, 0xd5, 0x76, 0x7c, 0x1a, 0x42,
	0x31, 0x4f, 0x37, 0xba, 0x7c, 0x94, 0x60, 0xc9, 0xed, 0x79, 0xa1, 0x2b, 0xb2, 0xb5, 0xd9, 0x9c,
	0x04, 0x10, 0x04, 0x10, 0x64, 0x00, 0x50, 0x00, 0x96, 0x00, 0x78, 0x00, 0x32, 0x00, 0x50, 0x00,
	0x32, 0x00, 0x50, 0x00, 0x0a, 0x00, 0x32, 0x00, 0x0a, 0x00, 0x14, 0x00, 0x0a, 0x00, 0x14, 0x00,
	0x03, 0x0f, 0x00, 0x00, 0xa8, 0xf7, 0x1b, 0x04, 0x40, 0x1f, 0xb8, 0x0b, 0x58, 0x02, 0x64, 0x00,
	0xc8, 0x00, 0x3c, 0x00, 0xc4, 0x09, 0x06, 0x07, 0x20, 0x4e, 0x98, 0x3a, 0x10, 0x27, 0x88, 0x13,
	0xb8, 0x0b, 0xd0, 0x07, 0xe8, 0x03, 0x20, 0x03, 0xf4, 0x01, 0xc8, 0x00, 0x64, 0x00, 0x50, 0x00,
	0x32, 0x00, 0x14, 0x00, 0x0a, 0x00, 0x08, 0x00, 0x05, 0x00, 0x03, 0x00, 0x02, 0x00, 0x01, 0x00,
	0x00, 0x00, 0x00, 0x00, 0x00, 0x00, 0x00, 0x00, 0x00, 0x00, 0x00, 0x00, 0x00, 0x00, 0x00, 0x00,
	0x00, 0x00, 0x00, 0x00, 0x00, 0x00, 0x00, 0x00, 0x00, 0x00, 0x00, 0x00, 0x00, 0x00, 0x00, 0x06,
	0x03, 0x96, 0x00, 0xc8, 0x00, 0x05, 0x9c, 0xff, 0x38, 0xff, 0x02, 0x38, 0xff, 0x02, 0x40, 0x7e,
	0x05, 0x00, 0x14, 0x00, 0x00, 0x00, 0x00, 0x00, 0x00, 0x00, 0x00, 0x00, 0x00, 0x00, 0x00, 0x00,
	0x32, 0x00, 0xc8, 0x00, 0x01, 0x01, 0x01, 0x01, 0x9c, 0xff, 0x64, 0x00, 0x10, 0x0e, 0x00, 0x00,
	0x80, 0x0c, 0x48, 0x00, 0x64, 0x00, 0x0a, 0x05, 0x0a, 0x14, 0x0a, 0x06, 0x00, 0x00, 0x00, 0x00,
	0xda, 0x11, 0xda, 0x11, 0xda, 0x11, 0xda, 0x11, 0xda, 0x11, 0xda, 0x11, 0xda, 0x11, 0xda, 0x11,
	0x64, 0x00, 0x2c, 0x01, 0xf4, 0x01, 0x20, 0x03, 0x00, 0x14, 0x1e, 0x1e, 0x1e, 0x02, 0x02, 0x02,
	0x02, 0x02, 0x19, 0x00, 0x19, 0x00, 0x19, 0x00, 0x19, 0x00, 0x19, 0x00, 0x0a, 0x00, 0x0a, 0x00,
	0x0a, 0x00, 0x0a, 0x00, 0x0a, 0x00, 0x00, 0x00, 0x2c, 0x01, 0x64, 0x00, 0x10, 0x0e, 0x19, 0x00,
	0xaa, 0x55, 0x6e, 0x00, 0xbe, 0x0a, 0x14, 0x00, 0xfa, 0x00, 0x5e, 0x01, 0x90, 0x01, 0xc2, 0x01,
	0x58, 0x02, 0xbc, 0x02, 0x20, 0x03, 0x0a, 0x00, 0x0c, 0x00, 0x64, 0x00, 0x1e, 0x00, 0x1e, 0x00,
	0x23, 0x00, 0x00, 0x00, 0x00, 0x00, 0x00, 0x00, 0x00, 0x00, 0x00, 0x00, 0x00, 0x00, 0x08, 0x07,
	0x62, 0x00, 0x0a, 0x00, 0xe0, 0x01, 0x64, 0x00, 0xc8, 0x00, 0x38, 0xff, 0x58, 0x02, 0xd4, 0xfe,
	0x10, 0x0e, 0x1e, 0x00, 0x14, 0x00, 0x05, 0x00, 0xec, 0xff, 0x3c, 0x00, 0x5a, 0x00, 0x5f, 0x00,
	0x58, 0x02, 0xe0, 0x01, 0x58, 0x02, 0x08, 0x07, 0xa0, 0x8c, 0x0a, 0x00, 0xb0, 0xff, 0x05, 0x00,
	0x20, 0x03, 0x50, 0x00, 0x5a, 0x00, 0x0a, 0x00, 0x40, 0x0b, 0xdc, 0x0a, 0x03, 0x00, 0x0a, 0x00,
	0x50, 0x46, 0x02, 0x00, 0x01, 0x00, 0x00, 0x00, 0x00, 0x00, 0x00, 0x00, 0x00, 0x00, 0x00, 0x00,
	0xf4, 0x01, 0x05, 0x00, 0x02, 0x00, 0x64, 0x00, 0x20, 0x1c, 0xf4, 0x01, 0x32, 0x00, 0x00, 0x00,
	0x00, 0x00, 0x00, 0x00, 0x00, 0x00, 0x00, 0x00, 0x00, 0x00, 0x00, 0x00, 0x00, 0x00, 0x00, 0x00,
	0x32, 0x00, 0x4e, 0x0c, 0x0f, 0x00, 0x64, 0x00, 0x9c, 0xff, 0x58, 0x02, 0xf4, 0x01, 0x00, 0x00,
	0x00, 0x00, 0x00, 0x00, 0x00, 0x00, 0x00, 0x00, 0x00, 0x00, 0x00, 0x00, 0x00, 0x00, 0x00, 0x00,
	0x70, 0x17, 0xf4, 0x01, 0x1c, 0x0c, 0xe4, 0x0c, 0xac, 0x0d, 0x5e, 0x01, 0x96, 0x00, 0x64, 0x00,
	0xc8, 0x00, 0xc8, 0x00, 0x14, 0x00, 0x46, 0x00, 0x80, 0x0c, 0xe4, 0x0c, 0x48, 0x0d, 0x00, 0x00,
	0xf4, 0x01, 0x0c, 0xfe, 0xb8, 0x0b, 0x64, 0x00, 0x32, 0x00, 0x40, 0x06, 0x78, 0x00, 0x8c, 0x0a,
	0x8c, 0x0a, 0x64, 0x00, 0x64, 0x00, 0x64, 0x00, 0x90, 0x01, 0xb8, 0x0b, 0x00, 0x00, 0x00, 0x00,
	0x90, 0x01, 0x20, 0x03, 0xb0, 0x04, 0x80, 0x0c, 0xe4, 0x0c, 0x48, 0x0d, 0x10, 0x0e, 0x00, 0x00,
	0x00, 0x00, 0x00, 0x00, 0x00, 0x00, 0x00, 0x00, 0x00, 0x00, 0x00, 0x00, 0x00, 0x00, 0x00, 0x00,
	0xc8, 0x00, 0xfa, 0x00, 0x2c, 0x01, 0x5e, 0x01, 0x90, 0x01, 0xc2, 0x01, 0xdf, 0x01, 0xdc, 0x05,
	0x94, 0x11, 0x2c, 0x01, 0x14, 0x19, 0x14, 0x1e, 0x9c, 0x32, 0x32, 0x14, 0x00, 0x00, 0x00, 0x00,
	0x00, 0x00, 0x00, 0x00, 0x00, 0x00, 0x00, 0x00, 0x00, 0x00, 0x00, 0x00, 0x00, 0x00, 0x00, 0x00,
	0x00, 0x00, 0x00, 0x00, 0x00, 0x00, 0x00, 0x00, 0x00, 0x00, 0x00, 0x00, 0x00, 0x00, 0x00, 0x00,
	0x00, 0x00, 0x00, 0x00, 0x00, 0x00, 0x00, 0x00, 0x00, 0x00, 0x00, 0x00, 0x00, 0x00, 0x00, 0x00,
	0x00, 0x00, 0x00, 0x00, 0x00, 0x00, 0x00, 0x00, 0x00, 0x00, 0x00, 0x00, 0x00, 0x00, 0x00, 0x4d,
	0xff, 0xff, 0x00, 0x00, 0x00, 0x34, 0x00, 0x00, 0x00, 0x8c, 0x01, 0x00, 0x11, 0x83, 0x00, 0x00,
	0x00, 0x00, 0x00, 0x00, 0x00, 0x00, 0x00, 0x00, 0x00, 0x00, 0x00, 0x00, 0x00, 0x00, 0x00, 0x00,
	0xaa, 0x55, 0x00, 0xff, 0xaa, 0x55, 0x00, 0xff, 0x00, 0x00, 0x00, 0x00, 0x00, 0x00, 0x00, 0x00,
	0x00, 0x00, 0x00, 0x00, 0x00, 0x00, 0x00, 0x00, 0x00, 0x00, 0x00, 0x00, 0x00, 0x00, 0x00, 0x00,
	0x00, 0x00, 0x00, 0x00, 0x00, 0x00, 0x00, 0x00, 0x00, 0x00, 0x00, 0x00, 0x00, 0x00, 0x00, 0x00,
	0x00, 0x00, 0x00, 0x00, 0x00, 0x00, 0x00, 0x00, 0x00, 0x00, 0x00, 0x00, 0x00, 0x00, 0x00, 0x00,
	0x00, 0x00, 0x00, 0x00, 0x00, 0x00, 0x00, 0x00, 0x00, 0x00, 0x00, 0x00, 0x00, 0x00, 0x00, 0x00,
	0x00, 0x00, 0x00, 0x00, 0x00, 0x00, 0x00, 0x00, 0x00, 0x00, 0x00, 0x00, 0x00, 0x00, 0x00, 0x00,
	0x00, 0x00, 0x00, 0x00, 0x00, 0x00, 0x00, 0x00, 0x00, 0x00, 0x00, 0x00, 0x00, 0x00, 0x00, 0x00,
	0x00, 0x00, 0x00, 0x00, 0x00, 0x00, 0x00, 0x00, 0x00, 0x00, 0x00, 0x00, 0x00, 0x00, 0x00, 0x00,
	0x00, 0x00, 0x00, 0x00, 0x00, 0x00, 0x00, 0x00, 0x00, 0x00, 0x00, 0x00, 0x00, 0x00, 0x00, 0x00,
	0x00, 0x00, 0x00, 0x00, 0x00, 0x00, 0x00, 0x00, 0x00, 0x00, 0x00, 0x00, 0x00, 0x00, 0x00, 0x00,
	0x00, 0x00, 0x00, 0x00, 0x00, 0x00, 0x00, 0x00, 0x00, 0x00, 0x00, 0x00, 0x00, 0x00, 0x00, 0x00,
	0x00, 0x00, 0x00, 0x00, 0x00, 0x00, 0x00, 0x00, 0x00, 0x00, 0x00, 0x00, 0x00, 0x00, 0x00, 0x00,
	0x00, 0x00, 0x00, 0x00, 0x00, 0x00, 0x00, 0x00, 0x00, 0x00, 0x00, 0x00, 0x00, 0x00, 0x00, 0x00,
	0x00, 0x00, 0x00, 0x00, 0x00, 0x00, 0x00, 0x00, 0x00, 0x00, 0x00, 0x00, 0x00, 0x00, 0x00, 0x00,
	0x00, 0x00, 0x00, 0x00, 0x00, 0x00, 0x00, 0x00, 0x00, 0x00, 0x00, 0x00, 0x00, 0x00, 0x00, 0x00,
	0x00, 0x00, 0x00, 0x00, 0x00, 0x00, 0x00, 0x00, 0x00, 0x00, 0x00, 0x00, 0x00, 0x00, 0x00, 0x00,
	0x00, 0x00, 0x00, 0x00, 0x00, 0x00, 0x00, 0x00, 0x00, 0x00, 0x00, 0x00, 0x00, 0x00, 0x00, 0x00,
	0x00, 0x00, 0x00, 0x00, 0x00, 0x00, 0x00, 0x00, 0x00, 0x00, 0x00, 0x00, 0x00, 0x00, 0x00, 0x00,
	0x00, 0x00, 0x00, 0x00, 0x00, 0x00, 0x00, 0x00, 0x00, 0x00, 0x00, 0x00, 0x00, 0x00, 0x00, 0x00,
	0x00, 0x00, 0x00, 0x00, 0x00, 0x00, 0x00, 0x00, 0x00, 0x00, 0x00, 0x00, 0x00, 0x00, 0x00, 0x00,
	0x00, 0x00, 0x00, 0x00, 0x00, 0x00, 0x00, 0x00, 0x00, 0x00, 0x00, 0x00, 0x00, 0x00, 0x00, 0x00,
	0x00, 0x00, 0x00, 0x00, 0x00, 0x00, 0x00, 0x00, 0x00, 0x00, 0x00, 0x00, 0x00, 0x00, 0x00, 0x00,
	0x00, 0x00, 0x00, 0x00, 0x00, 0x00, 0x00, 0x00, 0x00, 0x00, 0x00, 0x00, 0x00, 0x00, 0x00, 0x00,
	0x00, 0x00, 0x00, 0x00, 0x00, 0x00, 0x00, 0x00, 0x00, 0x00, 0x00, 0x00, 0x00, 0x00, 0x00, 0x00,
	0x00, 0x00, 0x00, 0x00, 0x00, 0x00, 0x00, 0x00, 0x00, 0x00, 0x00, 0x00, 0x00, 0x00, 0x00, 0x00,
	0x00, 0x00, 0x00, 0x00, 0x00, 0x00, 0x00, 0x00, 0x00, 0x00, 0x00, 0x00, 0x00, 0x00, 0x00, 0x00,
	0x00, 0x00, 0x00, 0x00, 0x00, 0x00, 0x00, 0x00, 0x00, 0x00, 0x00, 0x00, 0x00, 0x00, 0x00, 0x00,
	0x00, 0x00, 0x00, 0x00, 0x00, 0x00, 0x00, 0x00, 0x00, 0x00, 0x00, 0x00, 0x00, 0x00, 0x00, 0x00,
	0x00, 0x00, 0x00, 0x00, 0x00, 0x00, 0x00, 0x00, 0x00, 0x00, 0x00, 0x00, 0x00, 0x00, 0x00, 0x00,
	0x00, 0x00, 0x00, 0x00, 0x00, 0x00, 0x00, 0x00, 0x00, 0x00, 0x00, 0x00, 0x00, 0x00, 0x00, 0x00,
	0x30, 0x1e, 0x00, 0x20, 0x05, 0x41, 0x00, 0x00, 0x0d, 0xef, 0x00, 0x00, 0x45, 0xd0, 0x00, 0x00,
	0x00, 0x00, 0x00, 0x00, 0x00, 0x00, 0x00, 0x00, 0x00, 0x00, 0x00, 0x00, 0x00, 0x00, 0x00, 0x00,
	0x00, 0x00, 0x00, 0x00, 0x00, 0x00, 0x00, 0x00, 0x00, 0x00, 0x00, 0x00, 0xfd, 0x16, 0x01, 0x00,
	0x00, 0x00, 0x00, 0x00, 0x00, 0x00, 0x00, 0x00, 0x7d, 0xf3, 0x00, 0x00, 0x1d, 0x28, 0x01, 0x00,
	0x45, 0x95, 0x00, 0x00, 0x41, 0xda, 0x00, 0x00, 0xed, 0x44, 0x00, 0x00, 0xe9, 0x91, 0x00, 0x00,
	0xf1, 0x87, 0x00, 0x00, 0x5d, 0xd6, 0x00, 0x00, 0x55, 0x4a, 0x01, 0x00, 0x0d, 0xcc, 0x00, 0x00,
	0x7d, 0x42, 0x00, 0x00, 0x75, 0x71, 0x00, 0x00, 0x00, 0x00, 0x00, 0x00, 0x00, 0x00, 0x00, 0x00,
	0x00, 0x00, 0x00, 0x00, 0x00, 0x00, 0x00, 0x00, 0x00, 0x00, 0x00, 0x00, 0x00, 0x00, 0x00, 0x00,
	0x00, 0x00, 0x00, 0x00, 0x00, 0x00, 0x00, 0x00, 0x00, 0x00, 0x00, 0x00, 0x00, 0x00, 0x00, 0x00,
	0x00, 0x00, 0x00, 0x00, 0x00, 0x00, 0x00, 0x00, 0x00, 0x00, 0x00, 0x00, 0x00, 0x00, 0x00, 0x00,
	0x00, 0x00, 0x00, 0x00, 0x00, 0x00, 0x00, 0x00, 0x00, 0x00, 0x00, 0x00, 0x00, 0x00, 0x00, 0x00,
	0x00, 0x00, 0x00, 0x00, 0x00, 0x00, 0x00, 0x00, 0x00, 0x00, 0x00, 0x00, 0x00, 0x00, 0x00, 0x00,
	0x03, 0x48, 0x85, 0x46, 0x00, 0xf0, 0xe0, 0xfc, 0x00, 0x48, 0x00, 0x47, 0xa1, 0x67, 0x01, 0x00,
	0x30, 0x1e, 0x00, 0x20, 0x30, 0xb5, 0x0b, 0x46, 0x01, 0x46, 0x00, 0x20, 0x20, 0x22, 0x01, 0x24,
	0x09, 0xe0, 0x0d, 0x46, 0xd5, 0x40, 0x9d, 0x42, 0x05, 0xd3, 0x1d, 0x46, 0x95, 0x40, 0x49, 0x1b,
	0x25, 0x46, 0x95, 0x40, 0x40, 0x19, 0x15, 0x46, 0x52, 0x1e, 0x00, 0x2d, 0xf1, 0xdc, 0x30, 0xbd,
	0x70, 0xb5, 0x00, 0x24, 0x25, 0x46, 0x00, 0x28, 0x01, 0xda, 0x01, 0x24, 0x40, 0x42, 0x00, 0x29,
	0x01, 0xda, 0x01, 0x25, 0x49, 0x42, 0xff, 0xf7, 0xdd, 0xff, 0xac, 0x42, 0x00, 0xd0, 0x40, 0x42,
	0x00, 0x2c, 0x00, 0xd0, 0x49, 0x42, 0x70, 0xbd, 0xf0, 0xb5, 0x1f, 0xb4, 0x06, 0x46, 0x00, 0x20,
	0x82, 0xb0, 0x05, 0x46, 0x40, 0x24, 0x01, 0x91, 0x00, 0x90, 0x1b, 0xe0, 0x01, 0x99, 0x22, 0x46,
	0x0f, 0x46, 0x30, 0x46, 0x00, 0xf0, 0x93, 0xf8, 0x04, 0x9a, 0x05, 0x9b, 0x80, 0x1a, 0x99, 0x41,
	0x10, 0xd3, 0x10, 0x46, 0x19, 0x46, 0x22, 0x46, 0x00, 0xf0, 0x79, 0xf8, 0x36, 0x1a, 0x8f, 0x41,
	0x01, 0x97, 0x22, 0x46, 0x01, 0x20, 0x00, 0x21, 0x00, 0x9f, 0x00, 0xf0, 0x70, 0xf8, 0x38, 0x18,
	0x4d, 0x41, 0x00, 0x90, 0x20, 0x46, 0x64, 0x1e, 0x00, 0x28, 0xdf, 0xdc, 0x01, 0x9b, 0x00, 0x98,
	0x29, 0x46, 0x32, 0x46, 0x07, 0xb0, 0xf0, 0xbd, 0xf8, 0xb5, 0x00, 0x24, 0x25, 0x46, 0x00, 0x29,
	0x04, 0xda, 0x0e, 0x46, 0x01, 0x24, 0x00, 0x21, 0x40, 0x42, 0xb1, 0x41, 0x00, 0x2b, 0x04, 0xda,
	0x1e, 0x46, 0x00, 0x23, 0x52, 0x42, 0x01, 0x25, 0xb3, 0x41, 0xff, 0xf7, 0xbd, 0xff, 0x8c, 0x46,
	0x17, 0x46, 0x1e, 0x46, 0xac, 0x42, 0x03, 0xd0, 0x00, 0x25, 0x40, 0x42, 0x8d, 0x41, 0xac, 0x46,
	0x00, 0x2c, 0x02, 0xd0, 0x00, 0x26, 0x57, 0x42, 0x9e, 0x41, 0x61, 0x46, 0x3a, 0x46, 0x33, 0x46,
	0x01, 0xb0, 0xf0, 0xbd, 0xf0, 0xb5, 0x1f, 0xb4, 0x86, 0xb0, 0x00, 0x20, 0x00, 0x90, 0x01, 0x90,
	0x02, 0x90, 0x06, 0x98, 0x06, 0x99, 0x80, 0xb2, 0x04, 0x90, 0x07, 0x98, 0x09, 0x0c, 0x02, 0x04,
	0x00, 0x14, 0x11, 0x43, 0x07, 0x90, 0x00, 0x27, 0x08, 0x9d, 0x09, 0x98, 0x06, 0x91, 0x3e, 0x46,
	0x28, 0x68, 0x40, 0x00, 0x40, 0x08, 0x28, 0x60, 0x30, 0x68, 0x01, 0x21, 0xc9, 0x07, 0x08, 0x43,
	0x30, 0x60, 0x40, 0x20, 0x67, 0xe7, 0x00, 0x00, 0x00, 0x70, 0x00, 0x40, 0xa4, 0x05, 0x00, 0x20,
	0x40, 0x02, 0x00, 0x20, 0x34, 0x09, 0x00, 0x20, 0x1f, 0x07, 0x00, 0x20, 0xe0, 0xe0, 0x01, 0x00,
	0x0e, 0xb5, 0x01, 0x21, 0x08, 0x02, 0x04, 0xf0, 0xbf, 0xff, 0x00, 0x23, 0x68, 0x46, 0x0b, 0x49,
	0x03, 0x71, 0x88, 0x7e, 0xc9, 0x7e, 0x41, 0x18, 0xff, 0x29, 0x05, 0xd1, 0xc1, 0x07, 0x03, 0xd1,
	0x00, 0x28, 0x01, 0xd0, 0x40, 0x08, 0x00, 0xe0, 0x55, 0x20, 0x00, 0x90, 0x68, 0x46, 0x43, 0x71,
	0xe3, 0x22, 0x01, 0x99, 0x00, 0x98, 0x08, 0xf0, 0x2b, 0xfd, 0x0e, 0xbd, 0xe0, 0xe0, 0x01, 0x00,
	0x10, 0xb5, 0x10, 0x4c, 0x20, 0x88, 0x40, 0x06, 0x07, 0xd5, 0x0f, 0x48, 0x41, 0x7a, 0x02, 0x7a,
	0x08, 0x02, 0x10, 0x43, 0x01, 0xd0, 0x09, 0xf0, 0xaf, 0xff, 0x20, 0x88, 0x40, 0x06, 0x0c, 0xd5,
	0x02, 0xf0, 0x06, 0xf8, 0x08, 0xf0, 0xb0, 0xfb, 0x08, 0x48, 0x81, 0x7b, 0x01, 0x29, 0x05, 0xd0,
	0x00, 0x7c, 0x01, 0x28, 0x01, 0xd1, 0x07, 0xf0, 0xbb, 0xff, 0x10, 0xbd, 0x08, 0xf0, 0xe0, 0xfb,
	0x10, 0xbd, 0x00, 0x00, 0xe4, 0x04, 0x00, 0x20, 0xa0, 0xe5, 0x01, 0x00, 0x90, 0x08, 0x00, 0x20,
	0x10, 0xb5, 0x01, 0x21, 0x88, 0x02, 0x04, 0xf0, 0x77, 0xff, 0x00, 0xf0, 0x3f, 0xf8, 0x00, 0xf0,
	0x1b, 0xf8, 0xff, 0x20, 0x80, 0x02, 0x00, 0xf0, 0x33, 0xf8, 0x01, 0x20, 0x00, 0xf0, 0x24, 0xf8,
	0x01, 0x20, 0x00, 0xf0, 0x03, 0xf8, 0x00, 0xf0, 0x17, 0xf8, 0x10, 0xbd, 0x05, 0x49, 0x01, 0x28,
	0x88, 0x68, 0x03, 0xd0, 0x40, 0x08, 0x40, 0x00, 0x88, 0x60, 0x70, 0x47, 0x01, 0x22, 0x10, 0x43,
	0xfa, 0xe7, 0x00, 0x00, 0x00, 0x40, 0x00, 0x40, 0x00, 0x20, 0x02, 0x49, 0xc0, 0x43, 0xc8, 0x60,
	0x70, 0x47, 0x00, 0x00, 0x00, 0x40, 0x00, 0x40, 0x02, 0x49, 0x01, 0x48, 0x08, 0x60, 0x70, 0x47,
	0x78, 0x56, 0x34, 0x12, 0x00, 0x4c, 0x00, 0x40, 0x04, 0x49, 0x04, 0x22, 0x01, 0x28, 0x88, 0x68,
	0x02, 0xd0, 0x90, 0x43, 0x88, 0x60, 0x70, 0x47, 0x10, 0x43, 0xfb, 0xe7, 0x00, 0x40, 0x00, 0x40,
	0x01, 0x49, 0x08, 0x60, 0xff, 0x20, 0x70, 0x47, 0x00, 0x40, 0x00, 0x40, 0x02, 0x49, 0x01, 0x48,
	0x08, 0x60, 0x70, 0x47, 0x51, 0xe5, 0xcc, 0x1a, 0x00, 0x4c, 0x00, 0x40, 0xf8, 0xb5, 0x01, 0x24,
	0x52, 0x1e, 0x01, 0xe0, 0x64, 0x1c, 0x24, 0xb2, 0x65, 0x00, 0x45, 0x5f, 0x9d, 0x42, 0x01, 0xda,
	0x94, 0x42, 0xf7, 0xdb, 0x62, 0x00, 0x54, 0x18, 0x40, 0x3c, 0x3e, 0x25, 0x8e, 0x5a, 0x65, 0x5f,
	0x71, 0x1b, 0x0e, 0xb2, 0x11, 0x18, 0x40, 0x39, 0xcf, 0x8f, 0x80, 0x5a, 0xd9, 0x1b, 0xc0, 0x1b,
	0x02, 0xb2, 0x09, 0xb2, 0x00, 0x2a, 0x06, 0xd0, 0x30, 0x46, 0xf6, 0xf7, 0x59, 0xfe, 0xe1, 0x8f,
	0x40, 0x18, 0x00, 0xb2, 0xf8, 0xbd, 0x28, 0x46, 0xf8, 0xbd, 0x00, 0x00, 0x70, 0xb5, 0x16, 0x46,
	0x0a, 0x46, 0x00, 0x24, 0x9b, 0x1e, 0x04, 0x99, 0x01, 0xe0, 0x64, 0x1c, 0x24, 0xb2, 0xa5, 0x00,
	0x45, 0x59, 0x8d, 0x42, 0x01, 0xd2, 0x9c, 0x42, 0xf7, 0xdb, 0x33, 0x46, 0x63, 0x43, 0x9a, 0x18,
	0x15, 0xb2, 0xa4, 0x00, 0x02, 0x59, 0x20, 0x18, 0x40, 0x68, 0x8b, 0x1a, 0x82, 0x1a, 0x04, 0xd0,
	0x31, 0x46, 0x18, 0x46, 0xf6, 0xf7, 0x34, 0xfe, 0x45, 0x19, 0x04, 0x48, 0x85, 0x42, 0x02, 0xdb,
	0x40, 0x0c, 0x85, 0x42, 0x00, 0xdd, 0x05, 0x46, 0x28, 0xb2, 0x70, 0xbd, 0x00, 0x80, 0xff, 0xff,
	0xfc, 0x08, 0x40, 0x00, 0x16, 0x12, 0x00, 0x02, 0x12, 0x00, 0x40, 0x00, 0x0b, 0x00, 0xb8, 0x0b,
	0x17, 0x00, 0x7a, 0x00, 0x02, 0x00, 0xf4, 0x01, 0x02, 0x00, 0xf4, 0x01, 0x4b, 0x00, 0x00, 0x00,
	0xf0, 0x0a, 0xfc, 0x08, 0x4e, 0x11, 0xc8, 0x00, 0x38, 0xff, 0x38, 0xff, 0x01, 0x01, 0x46, 0x14,
	0x1e, 0x00, 0x00, 0x00, 0x00, 0x00, 0x00, 0x00, 0x00, 0x00, 0x00, 0x00, 0x00, 0x00, 0x00, 0x00,
	0x06, 0x01, 0xc4, 0x09, 0x8c, 0x0a, 0x01, 0x01, 0x02, 0x12, 0x02, 0x12, 0x02, 0x12, 0x02, 0x12,
	0x02, 0x12, 0x02, 0x12, 0x02, 0x12, 0x02, 0x12, 0x02, 0x12, 0x3a, 0x11, 0x3a, 0x11, 0x3a, 0x11,
	0x3a, 0x11, 0x3a, 0x11, 0x3a, 0x11, 0x3a, 0x11, 0x3a, 0x11, 0x3a, 0x11, 0x02, 0x00, 0x01, 0x0f,
	0xc0, 0x5d, 0xc8, 0x00, 0x04, 0x0a, 0xfc, 0xd6, 0x38, 0xff, 0x05, 0x00, 0xbc, 0x02, 0x58, 0x02,
	0x05, 0x02, 0x02, 0x00, 0xbc, 0x02, 0x58, 0x02, 0x88, 0xff, 0x9c, 0xff, 0x24, 0xff, 0x6a, 0xff,
	0x08, 0x07, 0xd0, 0x07, 0x08, 0x07, 0x02, 0x00, 0x30, 0x2a, 0xc4, 0x09, 0xe8, 0x03, 0x05, 0x00,
	0x02, 0x02, 0x20, 0x03, 0x8a, 0x02, 0xa2, 0xfe, 0x38, 0xff, 0x00, 0x00, 0x00, 0x00, 0x00, 0x00,
	0x00, 0x00, 0x00, 0x00, 0x00, 0x00, 0x00, 0x00, 0x00, 0x00, 0x00, 0x00, 0x00, 0x00, 0x00, 0x00,
	0x20, 0x11, 0x00, 0x00, 0x00, 0x40, 0x03, 0x3c, 0x00, 0x0a, 0xd0, 0x07, 0xdc, 0x05, 0x00, 0x00,
	0x00, 0x00, 0x00, 0x00, 0x00, 0x00, 0x5f, 0x5a, 0x55, 0x50, 0x3c, 0x1e, 0x05, 0x00, 0x00, 0x00,
	0x43, 0x67, 0xc8, 0x00, 0x0a, 0x00, 0x05, 0x00, 0x07, 0x00, 0x09, 0x00, 0x32, 0x00, 0x96, 0x00,
	0x32, 0x00, 0x0a, 0x00, 0xc8, 0x00, 0x64, 0x00, 0x05, 0x00, 0x2c, 0x01, 0x50, 0x00, 0x55, 0x00,
	0x5a, 0x00, 0x86, 0x0b, 0xb8, 0x0b, 0xea, 0x0b, 0x03, 0x00, 0x2c, 0x01, 0xf4, 0x01, 0x20, 0x03,
	0xea, 0x0b, 0xb8, 0x0b, 0x86, 0x0b, 0xce, 0xff, 0x32, 0x00, 0x96, 0x00, 0x86, 0x0b, 0xb8, 0x0b,
	0xea, 0x0b, 0x0a, 0x00, 0x14, 0x00, 0xfa, 0x00, 0xea, 0x0b, 0x4e, 0x0c, 0xb2, 0x0c, 0xe8, 0x03,
	0x5e, 0x01, 0xc2, 0x01, 0x00, 0x00, 0x22, 0x0b, 0x64, 0x00, 0xc8, 0x00, 0x2c, 0x01, 0xb8, 0x0b,
	0x1c, 0x0c, 0x80, 0x0c, 0xe4, 0x0c, 0x02, 0x00, 0x02, 0x00, 0x64, 0x00, 0x2c, 0x01, 0x20, 0x03,
	0x00, 0x00, 0x00, 0x00, 0x00, 0x00, 0x00, 0x00, 0x14, 0x1e, 0x28, 0x3c, 0x14, 0x1e, 0x28, 0x3c,
	0x00, 0x00, 0x00, 0x00, 0xc8, 0x00, 0x32, 0x00, 0xc8, 0x00, 0x30, 0x2a, 0xf4, 0x01, 0x00, 0x00,
	0x32, 0x00, 0xc8, 0x00, 0x32, 0x00, 0xdc, 0x00, 0x64, 0x00, 0x2c, 0x01, 0xf0, 0x0f, 0x54, 0x10,
	0xd0, 0x07, 0xc8, 0x00, 0x3c, 0x00, 0xb8, 0x0b, 0x10, 0x0e, 0x00, 0x00, 0xf0, 0x0a, 0x10, 0x0e,
	0x00, 0x00, 0x64, 0x00, 0xba, 0xff, 0x46, 0x00, 0x32, 0x00, 0x0a, 0x00, 0x08, 0x07, 0x00, 0x00,
	0x52, 0x02, 0x00, 0x00, 0x84, 0xf3, 0x00, 0x00, 0x82, 0x60, 0x21, 0x00, 0x4c, 0x04, 0x34, 0x00,
	0x30, 0x00, 0x50, 0x00, 0x46, 0x00, 0xc2, 0x01, 0xc8, 0x00, 0x40, 0x06, 0x78, 0x05, 0x32, 0x00,
	0xc8, 0x00, 0x00, 0x00, 0x1e, 0x00, 0x5f, 0x00, 0x60, 0x03, 0xe0, 0x10, 0x50, 0x46, 0x60, 0x09,
	0xc0, 0x03, 0x68, 0x01, 0x48, 0x00, 0x3c, 0x00, 0x05, 0x0f, 0x01, 0x00, 0x00, 0x00, 0x00, 0x00,
	0x00, 0x00, 0x00, 0x00, 0x00, 0x00, 0x00, 0x00, 0x00, 0x00, 0x00, 0x00, 0x00, 0x00, 0x00, 0x00,
	0x00, 0x00, 0x00, 0x00, 0x00, 0x00, 0x00, 0x00, 0x00, 0x00, 0x00, 0x00, 0x00, 0x00, 0x00, 0x68,
	0xfa, 0x00, 0x78, 0x00, 0x64, 0x00, 0x05, 0x00, 0x3c, 0x00, 0xd0, 0x07, 0x32, 0x00, 0x00, 0x00,
	0x0a, 0x00, 0x00, 0x00, 0x00, 0x00, 0x00, 0x00, 0x00, 0x00, 0x00, 0x00, 0x00, 0x00, 0x00, 0x00,
	0x47, 0xee, 0x01, 0x00, 0xfa, 0x00, 0x90, 0x0e, 0x9f, 0x0e, 0x52, 0x0f, 0x62, 0x0f, 0xf4, 0x01,
	0xf0, 0x00, 0x07, 0x00, 0x05, 0x00, 0xf4, 0x01, 0x14, 0x00, 0xac, 0x0d, 0x28, 0x00, 0x02, 0x00,
	0xfa, 0x00, 0x00, 0x00, 0x00, 0x00, 0x00, 0x00, 0x04, 0x00, 0x00, 0x00, 0x00, 0x00, 0xfa, 0x00,
	0xf4, 0x01, 0x22, 0x15, 0x6a, 0x0e, 0x5a, 0x00, 0xfa, 0x00, 0x0a, 0x00, 0x32, 0x00, 0x00, 0x00,
	0xea, 0x0b, 0x28, 0x23, 0xa0, 0x0f, 0x96, 0x00, 0x64, 0x00, 0x96, 0x00, 0x64, 0x00, 0x50, 0x00,
	0x32, 0x00, 0x14, 0x00, 0xb0, 0x04, 0x20, 0x03, 0x58, 0x02, 0x0f, 0x00, 0xdc, 0x05, 0xf4, 0x01,
	0x96, 0x00, 0x00, 0x00, 0x9c, 0xff, 0x00, 0x00, 0x8c, 0x0a, 0x00, 0x00, 0x28, 0x00, 0x00, 0x00,
	0x19, 0x00, 0xf4, 0x01, 0x1e, 0x00, 0x64, 0x00, 0xf4, 0x01, 0xf4, 0x01, 0x20, 0x03, 0x00, 0x00,
	0xb8, 0x0b, 0x1c, 0x0c, 0x00, 0x00, 0x01, 0x00, 0x76, 0x11, 0x12, 0x11, 0x64, 0x00, 0x63, 0x00,
	0xb8, 0x0b, 0x1c, 0x0c, 0x06, 0x00, 0x08, 0x00, 0x76, 0x11, 0x12, 0x11, 0x64, 0x00, 0x63, 0x00,
	0x00, 0x00, 0x58, 0x02, 0x32, 0x00, 0x2c, 0x01, 0xf4, 0x01, 0xc8, 0x00, 0x64, 0x00, 0x0a, 0x00,
	0x78, 0x05, 0x32, 0x00, 0x05, 0x00, 0x0a, 0x00, 0x08, 0x07, 0x60, 0x13, 0x01, 0x00, 0x70, 0x17,
	0x96, 0x00, 0x00, 0x00, 0x9c, 0xff, 0x1e, 0x00, 0x0f, 0x00, 0x05, 0x00, 0x05, 0x00, 0x05, 0x00,
	0x88, 0x13, 0xc8, 0x00, 0x00, 0x00, 0x00, 0x00, 0x00, 0x00, 0xde, 0x03, 0x00, 0x00, 0x00, 0x00,
	0xc8, 0x00, 0x50, 0x00, 0x1e, 0x00, 0x0a, 0x00, 0x0a, 0x00, 0x64, 0x00, 0x3c, 0x00, 0x50, 0x00,
	0x28, 0x00, 0x0b, 0x00, 0x5b, 0x00, 0x50, 0x00, 0x88, 0x13, 0x5c, 0x01, 0x88, 0x13, 0x5c, 0x01,
	0x14, 0x00, 0x64, 0x00, 0x58, 0x02, 0x26, 0x02, 0x90, 0x01, 0x00, 0x00, 0xce, 0xff, 0x9c, 0xff,
	0x6a, 0xff, 0xe8, 0x03, 0xe8, 0x03, 0xe8, 0x03, 0xe8, 0x03, 0xe8, 0x03, 0x32, 0x00, 0x32, 0x00,
	0x08, 0x07, 0x98, 0x08, 0x0a, 0x90, 0x01, 0x06, 0x00, 0x05, 0x0a, 0x14, 0xe0, 0x10, 0xf0, 0x0a,
	0x0a, 0x00, 0x1e, 0x60, 0x09, 0x0a, 0x0a, 0x1e, 0x0a, 0x00, 0x00, 0x00, 0x88, 0x13, 0x00, 0x00,
	0x76, 0x11, 0xae, 0x10, 0xc4, 0x09, 0x54, 0x0b, 0x3c, 0x37, 0xec, 0xf1, 0x01, 0x0a, 0x00, 0x00,
	0x00, 0x00, 0x00, 0x00, 0x00, 0x00, 0x00, 0x00, 0x00, 0x00, 0x00, 0x00, 0x00, 0x00, 0x00, 0x00,
	0xd0, 0x07, 0x64, 0x00, 0x09, 0x00, 0x05, 0x00, 0x14, 0x00, 0xcc, 0x10, 0x3c, 0x00, 0x3c, 0x00,
	0x00, 0x2f, 0x0d, 0x00, 0x10, 0x0e, 0x00, 0x01, 0x05, 0x0f, 0x05, 0x03, 0x05, 0x0a, 0x03, 0x00,
	0x0f, 0x00, 0x0a, 0x00, 0x64, 0x00, 0xc8, 0x00, 0x50, 0xc3, 0x3c, 0x00, 0x14, 0x00, 0x03, 0x00,
	0xe8, 0x03, 0x0a, 0x00, 0x00, 0x00, 0x00, 0x00, 0x00, 0x00, 0x00, 0x00, 0x00, 0x00, 0x00, 0x00,
	0x01, 0x48, 0xf4, 0x6a, 0xff, 0x32, 0x00, 0x5f, 0x03, 0x03, 0x2c, 0x01, 0x1e, 0x0a, 0x14, 0x58,
	0x02, 0x00, 0x00, 0x70, 0x17, 0x3c, 0x00, 0x48, 0xf4, 0x6a, 0xff, 0x05, 0x03, 0x03, 0x32, 0x00,
	0x00, 0x00, 0x00, 0x00, 0x00, 0x00, 0x00, 0x00, 0x00, 0x00, 0x00, 0x00, 0x00, 0x00, 0x00, 0x00,
	0x00, 0x00, 0x00, 0x00, 0x00, 0x00, 0x00, 0x00, 0x00, 0x00, 0x00, 0x00, 0x00, 0x00, 0x00, 0x23,
	0x9c, 0xff, 0x00, 0x00, 0x32, 0x00, 0x64, 0x00, 0x96, 0x00, 0xc8, 0x00, 0x5e, 0x01, 0x90, 0x01,
	0xe0, 0x01, 0x58, 0x02, 0x0a, 0x00, 0x03, 0x00, 0x32, 0x00, 0x4b, 0x00, 0x01, 0x00, 0x00, 0x00,
	0x76, 0x11, 0x44, 0x11, 0x44, 0x11, 0x44, 0x11, 0x44, 0x11, 0x30, 0x11, 0x30, 0x11, 0x30, 0x11,
	0x30, 0x11, 0x44, 0x11, 0x34, 0x08, 0xb8, 0x0b, 0x00, 0x0f, 0x68, 0x10, 0x00, 0x00, 0x00, 0x00,
	0x9f, 0x01, 0x9f, 0x01, 0x03, 0x01, 0x22, 0x04, 0x22, 0x04, 0x0a, 0x03, 0x15, 0x06, 0x15, 0x06,
	0x22, 0x04, 0x54, 0x18, 0x54, 0x18, 0x46, 0x14, 0x54, 0x18, 0x54, 0x18, 0x54, 0x18, 0x54, 0x18,
	0x54, 0x18, 0x54, 0x18, 0x54, 0x18, 0x54, 0x18, 0x54, 0x18, 0x54, 0x18, 0x54, 0x18, 0x54, 0x18,
	0x23, 0x0a, 0x23, 0x0a, 0x00, 0x00, 0x5e, 0x01, 0x00, 0x00, 0x00, 0x00, 0x00, 0x00, 0x00, 0x00,
	0x64, 0x00, 0x2c, 0x01, 0x20, 0x03, 0x00, 0x00, 0x00, 0x00, 0x00, 0x00, 0x00, 0x14, 0x1e, 0x1e,
	0x00, 0x00, 0x00, 0x00, 0x00, 0x00, 0x00, 0x00, 0x00, 0x00, 0x00, 0x00, 0x00, 0x00, 0x00, 0x00,
	0x0a, 0x00, 0x0a, 0x00, 0x0a, 0x00, 0x0a, 0x00, 0x1e, 0x00, 0x1e, 0x00, 0x1e, 0x00, 0x1e, 0x00,
	0x32, 0x00, 0x32, 0x00, 0x32, 0x00, 0x32, 0x00, 0x78, 0x00, 0x78, 0x00, 0x78, 0x00, 0x78, 0x00,
	0xd6, 0x10, 0xfe, 0x10, 0x1c, 0x11, 0x44, 0x11, 0x09, 0x01, 0xd3, 0x00, 0xb1, 0x00, 0x93, 0x00,
	0x75, 0x00, 0x78, 0x00, 0x78, 0x00, 0x78, 0x00, 0x78, 0x00, 0xd6, 0x10, 0xfe, 0x10, 0x1c, 0x11,
	0x44, 0x11, 0x09, 0x01, 0xd3, 0x00, 0xb1, 0x00, 0x93, 0x00, 0x75, 0x00, 0x5e, 0x01, 0x23, 0x00,
	0x3e, 0x03, 0x28, 0x00, 0xa6, 0x03, 0x28, 0x00, 0x42, 0x04, 0x28, 0x00, 0x7d, 0x06, 0x28, 0x00,
	0x5f, 0x0a, 0x32, 0x00, 0x38, 0x22, 0x38, 0x22, 0x38, 0x22, 0x38, 0x22, 0x0a, 0x00, 0x50, 0x14,
	0x96, 0x00, 0x70, 0x44, 0x70, 0x44, 0x70, 0x44, 0x70, 0x44, 0x28, 0x00, 0x50, 0x14, 0x5e, 0x01,
	0xa8, 0x66, 0xa8, 0x66, 0xa8, 0x66, 0xa8, 0x66, 0x46, 0x00, 0x01, 0x0a, 0x00, 0x00, 0xf4, 0x01,
	0x68, 0x10, 0x2c, 0x01, 0x19, 0x00, 0xb8, 0x0b, 0x00, 0x00, 0x00, 0x00, 0x00, 0x00, 0x00, 0x00,
	0x64, 0x00, 0x64, 0x00, 0x30, 0x11, 0x0c, 0x00, 0x00, 0x00, 0x00, 0x00, 0x00, 0x00, 0x00, 0x00,
	0x00, 0x00, 0x00, 0x00, 0x00, 0x00, 0x00, 0x00, 0x00, 0x00, 0x00, 0x00, 0x00, 0x00, 0x00, 0x00,
	0x02, 0xb3, 0xa8, 0x5e, 0xa4, 0xc1, 0xa6, 0xdb, 0x6f, 0xbd, 0x1f, 0xd5, 0x76, 0x7c, 0x1a, 0x42,
	0x31, 0x4f, 0x37, 0xba, 0x7c, 0x94, 0x60, 0xc9, 0xed, 0x79, 0xa1, 0x2b, 0xb2, 0xb5, 0xd9, 0x9c,
	0x04, 0x10, 0x04, 0x10, 0x64, 0x00, 0x50, 0x00, 0x96, 0x00, 0x78, 0x00, 0x32, 0x00, 0x50, 0x00,
	0x32, 0x00, 0x50, 0x00, 0x0a, 0x00, 0x32, 0x00, 0x0a, 0x00, 0x14, 0x00, 0x0a, 0x00, 0x14, 0x00,
	0x03, 0x0f, 0x00, 0x00, 0xa8, 0xf7, 0x1b, 0x04, 0x40, 0x1f, 0xb8, 0x0b, 0x58, 0x02, 0x64, 0x00,
	0xc8, 0x00, 0x3c, 0x00, 0xc4, 0x09, 0x06, 0x07, 0x20, 0x4e, 0x98, 0x3a, 0x10, 0x27, 0x88, 0x13,
	0xb8, 0x0b, 0xd0, 0x07, 0xe8, 0x03, 0x20, 0x03, 0xf4, 0x01, 0xc8, 0x00, 0x64, 0x00, 0x50, 0x00,
	0x32, 0x00, 0x14, 0x00, 0x0a, 0x00, 0x08, 0x00, 0x05, 0x00, 0x03, 0x00, 0x02, 0x00, 0x01, 0x00,
	0x00, 0x00, 0x00, 0x00, 0x00, 0x00, 0x00, 0x00, 0x00, 0x00, 0x00, 0x00, 0x00, 0x00, 0x00, 0x00,
	0x00, 0x00, 0x00, 0x00, 0x00, 0x00, 0x00, 0x00, 0x00, 0x00, 0x00, 0x00, 0x00, 0x00, 0x00, 0xaf,
	0x03, 0x96, 0x00, 0xc8, 0x00, 0x05, 0x9c, 0xff, 0x38, 0xff, 0x02, 0x38, 0xff, 0x02, 0x40, 0x7e,
	0x05, 0x00, 0x14, 0x00, 0x00, 0x00, 0x00, 0x00, 0x00, 0x00, 0x00, 0x00, 0x00, 0x00, 0x00, 0x00,
	0x32, 0x00, 0xc8, 0x00, 0x01, 0x01, 0x01, 0x01, 0x9c, 0xff, 0x64, 0x00, 0x10, 0x0e, 0x00, 0x00,
	0x80, 0x0c, 0x48, 0x00, 0x64, 0x00, 0x0a, 0x05, 0x0a, 0x14, 0x0a, 0x06, 0x00, 0x00, 0x00, 0x00,
	0x76, 0x11, 0x76, 0x11, 0x76, 0x11, 0x76, 0x11, 0x76, 0x11, 0x76, 0x11, 0x76, 0x11, 0x76, 0x11,
	0x64, 0x00, 0x2c, 0x01, 0xf4, 0x01, 0x20, 0x03, 0x00, 0x14, 0x1e, 0x1e, 0x1e, 0x02, 0x02, 0x02,
	0x02, 0x02, 0x19, 0x00, 0x19, 0x00, 0x19, 0x00, 0x19, 0x00, 0x19, 0x00, 0x0a, 0x00, 0x0a, 0x00,
	0x0a, 0x00, 0x0a, 0x00, 0x0a, 0x00, 0x00, 0x00, 0x2c, 0x01, 0x64, 0x00, 0x10, 0x0e, 0x19, 0x00,
	0xaa, 0x55, 0x6e, 0x00, 0x2e, 0x09, 0x14, 0x00, 0xfa, 0x00, 0x5e, 0x01, 0x90, 0x01, 0xc2, 0x01,
	0x58, 0x02, 0xbc, 0x02, 0x20, 0x03, 0x0a, 0x00, 0x0c, 0x00, 0x64, 0x00, 0x1e, 0x00, 0x1e, 0x00,
	0x23, 0x00, 0x00, 0x00, 0x00, 0x00, 0x00, 0x00, 0x00, 0x00, 0x00, 0x00, 0x00, 0x00, 0x08, 0x07,
	0x62, 0x00, 0x0a, 0x00, 0xe0, 0x01, 0x64, 0x00, 0xc8, 0x00, 0x38, 0xff, 0x58, 0x02, 0xd4, 0xfe,
	0x10, 0x0e, 0x1e, 0x00, 0x14, 0x00, 0x05, 0x00, 0xec, 0xff, 0x3c, 0x00, 0x5a, 0x00, 0x5f, 0x00,
	0x58, 0x02, 0xe0, 0x01, 0x58, 0x02, 0x08, 0x07, 0xa0, 0x8c, 0x0a, 0x00, 0xb0, 0xff, 0x05, 0x00,
	0x20, 0x03, 0x50, 0x00, 0x5a, 0x00, 0x0a, 0x00, 0x40, 0x0b, 0xdc, 0x0a, 0x03, 0x00, 0x0a, 0x00,
	0x50, 0x46, 0x02, 0x00, 0x01, 0x00, 0x00, 0x00, 0x00, 0x00, 0x00, 0x00, 0x00, 0x00, 0x00, 0x00,
	0xf4, 0x01, 0x05, 0x00, 0x02, 0x00, 0x64, 0x00, 0x20, 0x1c, 0xf4, 0x01, 0x32, 0x00, 0x00, 0x00,
	0x00, 0x00, 0x00, 0x00, 0x00, 0x00, 0x00, 0x00, 0x00, 0x00, 0x00, 0x00, 0x00, 0x00, 0x00, 0x00,
	0x32, 0x00, 0x4e, 0x0c, 0x0f, 0x00, 0x64, 0x00, 0x9c, 0xff, 0x58, 0x02, 0xf4, 0x01, 0x00, 0x00,
	0x00, 0x00, 0x00, 0x00, 0x00, 0x00, 0x00, 0x00, 0x00, 0x00, 0x00, 0x00, 0x00, 0x00, 0x00, 0x00,
	0x70, 0x17, 0xf4, 0x01, 0x1c, 0x0c, 0xe4, 0x0c, 0xac, 0x0d, 0x5e, 0x01, 0x96, 0x00, 0x64, 0x00,
	0xc8, 0x00, 0xc8, 0x00, 0x14, 0x00, 0x46, 0x00, 0x80, 0x0c, 0xe4, 0x0c, 0x48, 0x0d, 0x00, 0x00,
	0xf4, 0x01, 0x0c, 0xfe, 0xb8, 0x0b, 0x64, 0x00, 0x32, 0x00, 0x40, 0x06, 0x78, 0x00, 0x8c, 0x0a,
	0x8c, 0x0a, 0x64, 0x00, 0x64, 0x00, 0x64, 0x00, 0x90, 0x01, 0xb8, 0x0b, 0x00, 0x00, 0x00, 0x00,
	0x90, 0x01, 0x20, 0x03, 0xb0, 0x04, 0x80, 0x0c, 0xe4, 0x0c, 0x48, 0x0d, 0x10, 0x0e, 0x00, 0x00,
	0x00, 0x00, 0x00, 0x00, 0x00, 0x00, 0x00, 0x00, 0x00, 0x00, 0x00, 0x00, 0x00, 0x00, 0x00, 0x00,
	0xc8, 0x00, 0xfa, 0x00, 0x2c, 0x01, 0x5e, 0x01, 0x90, 0x01, 0xc2, 0x01, 0xdf, 0x01, 0xdc, 0x05,
	0x94, 0x11, 0x2c, 0x01, 0x14, 0x19, 0x14, 0x1e, 0x9c, 0x32, 0x32, 0x14, 0x00, 0x00, 0x00, 0x00,
	0x00, 0x00, 0x00, 0x00, 0x00, 0x00, 0x00, 0x00, 0x00, 0x00, 0x00, 0x00, 0x00, 0x00, 0x00, 0x00,
	0x00, 0x00, 0x00, 0x00, 0x00, 0x00, 0x00, 0x00, 0x00, 0x00, 0x00, 0x00, 0x00, 0x00, 0x00, 0x00,
	0x00, 0x00, 0x00, 0x00, 0x00, 0x00, 0x00, 0x00, 0x00, 0x00, 0x00, 0x00, 0x00, 0x00, 0x00, 0x00,
	0x00, 0x00, 0x00, 0x00, 0x00, 0x00, 0x00, 0x00, 0x00, 0x00, 0x00, 0x00, 0x00, 0x00, 0x00, 0xa6,
};

#endif
